"","surveyor_id","building_assessment.general_building_info.general_building_info_1.district","building_assessment.general_building_info.general_building_info_1.vdc","building_assessment.general_building_info.general_building_info_1.building_code.school_code","building_assessment.general_building_info.general_building_info_1.building_code.building_ref","building_assessment.general_building_info.general_building_info_1.building_code.building_ref_no","building_assessment.general_building_info.general_building_info_1.verification.save_name","building_assessment.general_building_info.general_building_info_1.verification.verified.yes","building_assessment.general_building_info.general_building_info_1.image_building","building_assessment.general_building_info.gps_coordinates","building_assessment.general_building_info._gps_coordinates_latitude","building_assessment.general_building_info._gps_coordinates_longitude","building_assessment.general_building_info._gps_coordinates_altitude","building_assessment.general_building_info._gps_coordinates_precision","building_assessment.general_building_info.general_building_info_2.initial_condition_state","building_assessment.general_building_info.general_building_info_2.comment_initial_condition_state","building_assessment.general_building_info.general_building_info_2.image_initial_condition","building_assessment.general_building_info.block_level.kindergarten","building_assessment.general_building_info.block_level.primary","building_assessment.general_building_info.block_level.lower_secondary","building_assessment.general_building_info.block_level.secondary","building_assessment.general_building_info.block_level.higher_secondary","building_assessment.general_building_info.block_level.higher_education","building_assessment.general_building_info.block_level.dk","building_assessment.general_building_info.block_level.other","building_assessment.general_building_info.num_pupils","building_assessment.general_building_info.general_building_info_3.classrooms","building_assessment.general_building_info.general_building_info_3.library","building_assessment.general_building_info.general_building_info_3.hall","building_assessment.general_building_info.general_building_info_3.computer_room","building_assessment.general_building_info.general_building_info_3.office","building_assessment.general_building_info.general_building_info_3.canteen","building_assessment.general_building_info.general_building_info_3.lab","building_assessment.general_building_info.general_building_info_3.other","building_assessment.general_building_info.input_info.drawings","building_assessment.general_building_info.input_info.hazard_data","building_assessment.general_building_info.input_info.reports","building_assessment.general_building_info.input_info.previous_assessments","building_assessment.general_building_info.input_info.retrofit_designs","building_assessment.general_building_info.input_info.none","building_assessment.general_building_info.input_info.other","building_assessment.general_building_info.input_info_other","building_assessment.general_building_info.input_info_1.drawing","building_assessment.general_building_info.input_info_1.drawing_info","building_assessment.general_building_info.input_info_1.hazard_data","building_assessment.general_building_info.input_info_1.hazard_data_info","building_assessment.general_building_info.input_info_1.reports","building_assessment.general_building_info.input_info_1.reports_info","building_assessment.general_building_info.input_info_1.previous_assessment","building_assessment.general_building_info.input_info_1.previous_assessment_info","building_assessment.general_building_info.input_info_1.retrofit_designs","building_assessment.general_building_info.input_info_1.retrofit_designs_info","building_assessment.general_building_info.general_building_info_4.tag_colour","building_assessment.general_building_info.general_building_info_4.comment_tag_colour","building_assessment.general_building_info.general_building_info_4.image_tag_colour","building_assessment.general_building_info.general_building_info_5.construction_initiation","building_assessment.general_building_info.general_building_info_5.construction_completion","building_assessment.general_building_info.general_building_info_5.comment_construction","building_assessment.general_building_info.primary_funder.eaarrp","building_assessment.general_building_info.primary_funder.bpep","building_assessment.general_building_info.primary_funder.efa","building_assessment.general_building_info.primary_funder.jica","building_assessment.general_building_info.primary_funder.doe_moe","building_assessment.general_building_info.primary_funder.ddc","building_assessment.general_building_info.primary_funder.vdc","building_assessment.general_building_info.primary_funder.ngo_ingo","building_assessment.general_building_info.primary_funder.community","building_assessment.general_building_info.primary_funder.school","building_assessment.general_building_info.primary_funder.dk","building_assessment.general_building_info.primary_funder.other","building_assessment.general_building_info.primary_funder_other","building_assessment.general_building_info.building_constructed","building_assessment.general_building_info.building_constructed_other","building_assessment.general_building_info.general_building_info_6.history_of_addition.additional_stories","building_assessment.general_building_info.general_building_info_6.history_of_addition.extension_on_plan","building_assessment.general_building_info.general_building_info_6.history_of_addition.change_in_occupancy","building_assessment.general_building_info.general_building_info_6.history_of_addition.none_identified","building_assessment.general_building_info.general_building_info_6.history_of_addition.other","building_assessment.general_building_info.general_building_info_6.history_of_addition_other","building_assessment.general_building_info.general_building_info_6.comment_history_of_addition","building_assessment.general_building_info.general_building_info_7.retrofitted_prior_earthquake","building_assessment.general_building_info.general_building_info_7.comment_retrofitted_prior_earthquake","building_assessment.general_building_info.retrofitted.year_retrofitted","building_assessment.general_building_info.retrofitted.retrofitting_intervention","building_assessment.general_building_info.retrofitted.design_retrofitting_intervention","building_assessment.general_building_info.general_building_info_8.building_less_thn_1m","building_assessment.general_building_info.general_building_info_8.comment_building_less_than_1m","building_assessment.general_building_info.general_building_info_8.image_building_less_thn_1m","building_assessment.general_building_info.general_building_info_9.smallest_gap","building_assessment.general_building_info.general_building_info_9.image_smallest_gap","building_assessment.general_building_info.general_building_info_10.damage_non_structural_component.window_frame","building_assessment.general_building_info.general_building_info_10.damage_non_structural_component.window_glass","building_assessment.general_building_info.general_building_info_10.damage_non_structural_component.ceiling","building_assessment.general_building_info.general_building_info_10.damage_non_structural_component.canopy","building_assessment.general_building_info.general_building_info_10.damage_non_structural_component.parapets","building_assessment.general_building_info.general_building_info_10.damage_non_structural_component.pediments","building_assessment.general_building_info.general_building_info_10.damage_non_structural_component.wall_plaster","building_assessment.general_building_info.general_building_info_10.damage_non_structural_component.floor_finish","building_assessment.general_building_info.general_building_info_10.damage_non_structural_component.desk_chair","building_assessment.general_building_info.general_building_info_10.damage_non_structural_component.canbinets","building_assessment.general_building_info.general_building_info_10.damage_non_structural_component.doors","building_assessment.general_building_info.general_building_info_10.damage_non_structural_component.none","building_assessment.general_building_info.general_building_info_10.damage_non_structural_component.other","building_assessment.general_building_info.general_building_info_10.damage_non_structural_component_other","building_assessment.general_building_info.general_building_info_10.comment_damage_non_structural_component","building_assessment.general_building_info.general_building_info_10.image_damage_non_structural_component","building_assessment.damage.damage_1.out_of_plumb","building_assessment.damage.damage_1.comment_out_of_plumb","building_assessment.damage.damage_1.image_comment_out_of_plumb","building_assessment.damage.damage_2.safe_to_enter","building_assessment.damage.damage_2.comment_safe_to_enter","building_assessment.damage.restricted_area.whole_not_accessible","building_assessment.damage.restricted_area.some_internal_rooms_restricted","building_assessment.damage.restricted_area.few_internal_rooms_accessible","building_assessment.damage.restricted_area.certail_floors","building_assessment.damage.restricted_area.all_accessible","building_assessment.damage.certain_floor","building_assessment.general_building_assessment.general_building_assessment_1.plan_characteristics","building_assessment.general_building_assessment.general_building_assessment_1.plan_characteristics_other","building_assessment.general_building_assessment.general_building_assessment_1.image_plan_characteristics","building_assessment.general_building_assessment.storey_more_than_1","building_assessment.general_building_assessment.general_building_assessment_2.geometry_elevation","building_assessment.general_building_assessment.general_building_assessment_2.variation_in_storey","building_assessment.general_building_assessment.general_building_assessment_2.mass_irregularity","building_assessment.general_building_assessment.general_building_assessment_2.proportion_of_column_list","building_assessment.general_building_assessment.general_building_assessment_2.wall_from_foundation_proportion","building_assessment.general_building_assessment.foundation_regularity","building_assessment.general_building_assessment.more_than_one_structural_plan","building_assessment.general_building_assessment.general_building_assessment_3.no_of_pieces","building_assessment.general_building_assessment.general_building_assessment_3.general_building_assessment_4_count","building_assessment.general_building_assessment.general_building_assessment_3.general_building_assessment_4.1..piece_code","building_assessment.general_building_assessment.general_building_assessment_3.general_building_assessment_4.1..num","building_assessment.general_building_assessment.general_building_assessment_3.general_building_assessment_4.1..piece_reference","building_assessment.general_building_assessment.general_building_assessment_3.general_building_assessment_4.2..piece_code","building_assessment.general_building_assessment.general_building_assessment_3.general_building_assessment_4.2..num","building_assessment.general_building_assessment.general_building_assessment_3.general_building_assessment_4.2..piece_reference","building_assessment.general_building_assessment.general_building_assessment_3.general_building_assessment_4.3..piece_code","building_assessment.general_building_assessment.general_building_assessment_3.general_building_assessment_4.3..num","building_assessment.general_building_assessment.general_building_assessment_3.general_building_assessment_4.3..piece_reference","building_assessment.general_building_assessment.general_building_assessment_3.general_building_assessment_4.4..piece_code","building_assessment.general_building_assessment.general_building_assessment_3.general_building_assessment_4.4..num","building_assessment.general_building_assessment.general_building_assessment_3.general_building_assessment_4.4..piece_reference","building_assessment.general_building_assessment.general_building_assessment_3.general_building_assessment_4.5..piece_code","building_assessment.general_building_assessment.general_building_assessment_3.general_building_assessment_4.5..num","building_assessment.general_building_assessment.general_building_assessment_3.general_building_assessment_4.5..piece_reference","building_assessment.general_building_assessment.general_building_assessment_5.sketch_plan","building_assessment.general_building_assessment.general_building_assessment_5.comment_sketch_plan","building_assessment.general_building_assessment.general_building_assessment_6.sketch_elevation","building_assessment.general_building_assessment.general_building_assessment_6.comment_sketch_elevation","meta.instanceID","X_uuid","X_submission_time","X_tags","X_notes","X_version","X_duration","X_submitted_by"
"43","Bda30",31,31033,"0002","B","EMIS310330002-B","Building EMIS310330002-B","True","1443468182301.jpg","27.54590646 85.13067406 945.7999877929688 12.0",27.54590646,85.13067406,945.799987792969,12,"damage_to_non_structural",NA,"1443468217473.jpg","False","True","False","False","False","False","False","False",20,NA,1,NA,NA,1,NA,NA,NA,"False","False","False","False","False","True","False",NA,NA,NA,NA,NA,NA,NA,NA,NA,NA,NA,"green",NA,NA,"2061","2061",NA,"False","False","False","False","False","False","False","False","False","False","False","True","Plan Nepal","contractor",NA,"False","False","False","True","False",NA,NA,"no",NA,NA,NA,NA,"no",NA,NA,NA,NA,"False","False","False","False","False","False","True","True","False","False","False","False","False",NA,NA,NA,"no",NA,NA,"yes",NA,"False","False","False","False","True",NA,"rectangular_long",NA,NA,"no",NA,NA,NA,NA,NA,"same_level","no",NA,NA,NA,NA,NA,NA,NA,NA,NA,NA,NA,NA,NA,NA,NA,NA,NA,NA,NA,NA,NA,"uuid:7ccbcee2-aa0f-4917-b528-394788bddb79","7ccbcee2-aa0f-4917-b528-394788bddb79","2015-09-30T05:18:54",NA,NA,201509251214,NA,"None"
"45","Bda30",31,31033,"0002","A","EMIS310330002-A","Building EMIS310330002-A","True","1443517725596.jpg","27.5004708 85.08322389 1030.9000244140625 5.0",27.5004708,85.08322389,1030.90002441406,5,"minor_damage",NA,"1443585297448.jpg","False","True","False","False","False","False","False","False",35,3,NA,NA,NA,1,NA,NA,NA,"False","False","False","False","False","True","False",NA,NA,NA,NA,NA,NA,NA,NA,NA,NA,NA,"red",NA,"1443517808209.jpg","2045","2053",NA,"False","False","False","False","False","False","False","False","False","False","False","True","Plan nepal","contractor",NA,"False","False","False","True","False",NA,NA,"no",NA,NA,NA,NA,"no",NA,NA,NA,NA,NA,NA,NA,NA,NA,NA,NA,NA,NA,NA,NA,NA,NA,NA,NA,NA,"no",NA,NA,"no",NA,"False","False","False","False","True",NA,"L_shaped",NA,"1443585457071.jpg","no",NA,NA,NA,NA,NA,"different_level","no",NA,NA,NA,NA,NA,NA,NA,NA,NA,NA,NA,NA,NA,NA,NA,NA,NA,"1443585543644.jpg",NA,"1443585576113.jpg",NA,"uuid:02c3849d-8687-4b08-9c7e-2e360d561870","02c3849d-8687-4b08-9c7e-2e360d561870","2015-09-30T07:30:16",NA,NA,201509251214,NA,"None"
"46","Bda30",31,31033,"0002","B","EMIS310330002-B","Building EMIS310330002-B","True","1443585744634.jpg","27.50045362 85.08314545 1022.2999877929688 5.0",27.50045362,85.08314545,1022.29998779297,5,"unaffected",NA,"1443585785358.jpg","False","True","False","False","False","False","False","False",35,2,NA,NA,NA,NA,NA,NA,NA,"False","False","False","False","False","True","False",NA,NA,NA,NA,NA,NA,NA,NA,NA,NA,NA,"green",NA,NA,"2052","2053",NA,"False","False","False","False","False","False","False","False","False","False","False","True","Plan nepal","contractor",NA,"False","False","False","True","False",NA,NA,"no",NA,NA,NA,NA,"no",NA,NA,NA,NA,"False","False","False","False","False","False","False","False","False","False","False","True","False",NA,NA,NA,"no",NA,NA,"yes",NA,"False","False","False","False","True",NA,"rectangular_long",NA,"1443585919614.jpg","no",NA,NA,NA,NA,NA,"same_level","no",NA,NA,NA,NA,NA,NA,NA,NA,NA,NA,NA,NA,NA,NA,NA,NA,NA,"1443585951959.jpg",NA,"1443585999944.jpg",NA,"uuid:bc9d379b-b410-4222-9e4c-c847ff6eea17","bc9d379b-b410-4222-9e4c-c847ff6eea17","2015-09-30T07:42:22",NA,NA,201509251214,NA,"None"
"61","Bda30",31,31033,"0002","A","EMIS310330002-A","Building EMIS310330002-A","True","1443467489353.jpg","27.54558719 85.13088266 1035.5 7.0",27.54558719,85.13088266,1035.5,7,"damage_to_infill_walls",NA,"1443467595397.jpg","False","True","False","False","False","False","False","False",20,2,NA,NA,NA,NA,NA,NA,NA,"False","False","False","False","False","True","False",NA,NA,NA,NA,NA,NA,NA,NA,NA,NA,NA,"red",NA,"1443467649147.jpg","2063","2064",NA,"False","False","False","False","False","False","False","False","False","False","True","False",NA,"community",NA,"False","False","False","True","False",NA,NA,"no",NA,NA,NA,NA,"no",NA,NA,NA,NA,"False","False","False","False","False","False","False","True","False","False","True","False","False",NA,NA,"1443467836183.jpg","no",NA,NA,"yes",NA,"False","False","False","False","True",NA,"rectangular_long",NA,NA,"no",NA,NA,NA,NA,NA,"same_level","no",NA,NA,NA,NA,NA,NA,NA,NA,NA,NA,NA,NA,NA,NA,NA,NA,NA,"1443467924451.jpg",NA,"1443467974448.jpg",NA,"uuid:a854f54a-c45f-4c84-b150-21d29f9950a0","a854f54a-c45f-4c84-b150-21d29f9950a0","2015-10-01T00:47:31",NA,NA,201509251214,NA,"None"
"90","Bda30",31,31021,"0005","A","EMIS310210005-A","Building EMIS310210005-A","True","1443598781506.jpg","27.36717965 85.15321121 429.0 4.0",27.36717965,85.15321121,429,4,"partial_collapse","The random rubble masonry which did not provided bands is collasped","1443598924075.jpg","False","True","False","False","False","False","False","False",75,3,NA,NA,NA,1,NA,NA,NA,"False","False","False","False","False","True","False",NA,NA,NA,NA,NA,NA,NA,NA,NA,NA,NA,"red","The tag is lost",NA,"2046","2048","The budget was not released in time hence it took two years","False","False","False","False","False","False","False","True","True","False","False","False",NA,"community",NA,"False","False","False","True","False",NA,NA,"no",NA,NA,NA,NA,"yes","The different blocks are constructed at a distance not less than 1m","1443599156583.jpg",1,"1443599176798.jpg","False","False","False","False","False","False","True","True","True","True","False","False","False",NA,"The r r masonry in mud mortar without bond stone and rec bands could not withstand the earthquik movement","1443599246602.jpg","no",NA,NA,"no","It marked red during the Eva but at this moment the striker has already misplaced","True","False","True","False","False",NA,"L_shaped",NA,"1443599337324.jpg","no",NA,NA,NA,NA,NA,"same_level","no",NA,NA,NA,NA,NA,NA,NA,NA,NA,NA,NA,NA,NA,NA,NA,NA,NA,"1443669062893.jpg",NA,"1443687807645.jpg",NA,"uuid:0ad8a929-4d79-413d-a0fa-e91f098dbcbd","0ad8a929-4d79-413d-a0fa-e91f098dbcbd","2015-10-01T18:56:50",NA,NA,201509251214,NA,"None"
"91","Bda30",31,31021,"0005","C","EMIS310210005-C","Building EMIS310210005-C","True","1443667858101.jpg","27.36717264 85.15355818 394.0 5.0",27.36717264,85.15355818,394,5,"unaffected",NA,NA,"False","True","False","False","False","False","False","False",75,2,NA,NA,NA,NA,NA,NA,NA,"False","False","False","False","False","True","False",NA,NA,NA,NA,NA,NA,NA,NA,NA,NA,NA,"green",NA,"1443667994487.jpg","2068","2069",NA,"False","False","False","False","False","True","False","False","True","False","False","False",NA,"contractor",NA,"False","False","False","True","False",NA,NA,"no",NA,NA,NA,NA,"no",NA,"1443668078992.jpg",NA,NA,"False","False","False","False","False","False","False","False","False","False","False","True","False",NA,NA,NA,"no",NA,NA,"yes","The building is constructed as per earthquik resisting ","False","False","False","False","True",NA,"rectangular_long",NA,"1443668119525.jpg","no",NA,NA,NA,NA,NA,"same_level","no",NA,NA,NA,NA,NA,NA,NA,NA,NA,NA,NA,NA,NA,NA,NA,NA,NA,"1443668147116.jpg",NA,"1443668161176.jpg",NA,"uuid:0720b357-d2bd-4854-a069-8d54c02542bc","0720b357-d2bd-4854-a069-8d54c02542bc","2015-10-01T20:06:27",NA,NA,201509251214,NA,"None"
"92","Bda30",31,31021,"0005","B","EMIS310210005-B","Building EMIS310210005-B","True","1443664892865.jpg","27.36727818 85.15298214 399.0 5.0",27.36727818,85.15298214,399,5,"unaffected",NA,"1443664947599.jpg","False","True","False","False","False","False","False","False",75,2,NA,NA,NA,NA,NA,NA,NA,"False","False","False","False","False","True","False",NA,NA,NA,NA,NA,NA,NA,NA,NA,NA,NA,"green",NA,"1443665034737.jpg","2056","2057","Earth quick resistant building","False","False","False","False","False","False","False","True","False","False","False","False",NA,"contractor",NA,"False","False","False","True","False",NA,NA,"no",NA,NA,NA,NA,"yes","The blocks are constructed minimum 1m length apart","1443665202708.jpg",1,"1443665240257.jpg","False","False","False","False","False","False","False","False","False","False","False","True","False",NA,NA,NA,"no",NA,"1443665283913.jpg","yes","It is earthquik resisting building","False","False","False","False","True",NA,"rectangular_long",NA,"1443666914700.jpg","no",NA,NA,NA,NA,NA,"same_level","no",NA,NA,NA,NA,NA,NA,NA,NA,NA,NA,NA,NA,NA,NA,NA,NA,NA,"1443666973885.jpg",NA,"1443665481490.jpg","The building earthquik resisting","uuid:0f63b8e2-8b56-4ee0-acdf-352427273530","0f63b8e2-8b56-4ee0-acdf-352427273530","2015-10-01T23:36:17",NA,NA,201509251214,NA,"None"
"116","Bda30",31,31020,"0007","A","EMIS310200007-A","Building EMIS310200007-A","True","1443679128611.jpg","27.43887766 85.0167676 658.2000122070313 3.0",27.43887766,85.0167676,658.200012207031,3,"unaffected",NA,NA,"False","False","False","False","False","False","False","True",22,NA,NA,NA,1,1,NA,NA,NA,"False","False","False","False","False","False","True","Data",NA,NA,NA,NA,NA,NA,NA,NA,NA,NA,"green","Lost",NA,"2060","2060",NA,"False","False","False","False","False","False","False","False","False","False","False","True","Ban samiti","contractor",NA,"False","False","False","True","False",NA,NA,"no",NA,NA,NA,NA,"no",NA,NA,NA,NA,"False","False","False","False","False","False","False","False","False","False","False","True","False",NA,NA,NA,"no",NA,NA,"yes",NA,"False","False","False","False","True",NA,"rectangular_long",NA,"1443679383990.jpg","no",NA,NA,NA,NA,NA,"same_level","no",NA,NA,NA,NA,NA,NA,NA,NA,NA,NA,NA,NA,NA,NA,NA,NA,NA,"1443684736060.jpg",NA,"1443684750433.jpg",NA,"uuid:b6f62e2b-4152-48e3-bd99-dc81def06c9b","b6f62e2b-4152-48e3-bd99-dc81def06c9b","2015-10-03T03:07:10",NA,NA,201509251214,NA,"None"
"117","Bda30",31,31020,"0007","B","EMIS310200007-B","Building EMIS310200007-B","True","1443682496056.jpg","27.43875754 85.01673421 647.0 5.0",27.43875754,85.01673421,647,5,"unaffected",NA,NA,"False","True","False","False","False","False","False","False",40,4,NA,NA,NA,NA,NA,NA,NA,"False","False","False","False","False","False","True","Data",NA,NA,NA,NA,NA,NA,NA,NA,NA,NA,"green","Lost",NA,"2065","2065",NA,"True","False","False","False","False","False","False","False","False","False","False","False",NA,"contractor",NA,"False","False","False","True","False",NA,NA,"no",NA,NA,NA,NA,"no",NA,NA,NA,NA,"False","False","False","False","False","False","False","False","False","False","False","True","False",NA,NA,NA,"no",NA,NA,"yes",NA,"False","False","False","False","True",NA,"rectangular_long",NA,"1443682662374.jpg","no",NA,NA,NA,NA,NA,"same_level","no",NA,NA,NA,NA,NA,NA,NA,NA,NA,NA,NA,NA,NA,NA,NA,NA,NA,"1443684790544.jpg",NA,"1443684808181.jpg",NA,"uuid:1a964b32-3c6c-43fd-92f2-246b59142fed","1a964b32-3c6c-43fd-92f2-246b59142fed","2015-10-03T03:10:31",NA,NA,201509251214,NA,"None"
"118","Bda30",31,31020,"0007","C","EMIS310200007-C","Building EMIS310200007-C","True","1443683280807.jpg","27.43863925 85.0167337 655.0 4.0",27.43863925,85.0167337,655,4,"unaffected",NA,NA,"False","True","False","False","False","False","False","False",35,2,NA,NA,NA,NA,NA,NA,NA,"False","False","False","False","False","False","True","Data",NA,NA,NA,NA,NA,NA,NA,NA,NA,NA,"green","Lost",NA,"2067","2067",NA,"True","False","False","False","False","False","False","False","False","False","False","False",NA,"contractor",NA,"False","False","False","True","False",NA,NA,"no",NA,NA,NA,NA,"no",NA,NA,NA,NA,"False","False","False","False","False","False","False","False","False","False","False","True","False",NA,NA,NA,"no",NA,NA,"yes",NA,"False","False","False","False","True",NA,"rectangular_long",NA,"1443683459730.jpg","no",NA,NA,NA,NA,NA,"same_level","no",NA,NA,NA,NA,NA,NA,NA,NA,NA,NA,NA,NA,NA,NA,NA,NA,NA,"1443685369878.jpg",NA,"1443685383659.jpg",NA,"uuid:2e05b007-29ca-4900-a4e8-85897f36eaa7","2e05b007-29ca-4900-a4e8-85897f36eaa7","2015-10-03T03:18:02",NA,NA,201509251214,NA,"None"
"129","Bda30",31,31020,"0015","A","EMIS310200015-A","Building EMIS310200015-A","True","1443603655872.jpg","27.44650046 85.03657225 415.79998779296875 5.0",27.44650046,85.03657225,415.799987792969,5,"unaffected",NA,NA,"False","True","False","False","False","False","False","False",35,1,NA,NA,NA,1,NA,NA,NA,"False","False","False","False","False","False","True","Data",NA,NA,NA,NA,NA,NA,NA,NA,NA,NA,"none",NA,NA,"2063","2063",NA,"True","False","False","False","False","False","False","False","False","False","False","False",NA,"other","Eaarrp","False","False","False","True","False",NA,NA,"no",NA,NA,NA,NA,"no",NA,NA,NA,NA,"False","False","False","False","False","False","False","False","False","False","False","True","False",NA,NA,NA,"no",NA,NA,"yes",NA,"False","False","False","False","True",NA,"rectangular_long",NA,"1443603853715.jpg","no",NA,NA,NA,NA,NA,"same_level","no",NA,NA,NA,NA,NA,NA,NA,NA,NA,NA,NA,NA,NA,NA,NA,NA,NA,"1443606556223.jpg",NA,"1443606579992.jpg",NA,"uuid:5a980ddb-e4a4-48a4-bc08-d43bef730bac","5a980ddb-e4a4-48a4-bc08-d43bef730bac","2015-10-03T04:45:46",NA,NA,201509251214,NA,"None"
"146","Bda30",31,31020,"0021","A","EMIS310200021-A","Building EMIS310200021-A","True","1443758926454.jpg","27.42403072 85.02395706 379.8999938964844 5.0",27.42403072,85.02395706,379.899993896484,5,"unaffected",NA,NA,"False","False","True","True","False","False","False","False",17,12,1,NA,1,1,NA,1,1,"False","False","False","False","False","False","True","Data",NA,NA,NA,NA,NA,NA,NA,NA,NA,NA,"green",NA,"1443759233189.jpg","2035","2045",NA,"False","False","False","False","True","True","True","False","True","False","False","True","Local donors","contractor",NA,"False","False","False","True","False",NA,NA,"no",NA,NA,NA,NA,"yes",NA,"1443759424556.jpg",0,"1443759440981.jpg","False","False","False","False","False","False","False","False","False","False","False","True","False",NA,NA,NA,"no",NA,NA,"yes",NA,"False","False","False","False","True",NA,"L_shaped",NA,"1443759485639.jpg","yes","regular","no","no","all_column","all_walls","same_level","no",NA,NA,NA,NA,NA,NA,NA,NA,NA,NA,NA,NA,NA,NA,NA,NA,NA,"1443761950520.jpg",NA,"1443761962843.jpg",NA,"uuid:d4e25cdd-5190-404f-85d7-71ed8b99d0d2","d4e25cdd-5190-404f-85d7-71ed8b99d0d2","2015-10-03T06:43:34",NA,NA,201509251214,NA,"None"
"147","Bda30",31,31020,"0021","B","EMIS310200021-B","Building EMIS310200021-B","True","1443759875257.jpg","27.42382072 85.02379078 373.70001220703125 5.0",27.42382072,85.02379078,373.700012207031,5,"unaffected",NA,NA,"False","False","False","False","False","False","False","True",50,NA,NA,NA,NA,1,NA,NA,1,"False","False","False","False","False","False","True","Data",NA,NA,NA,NA,NA,NA,NA,NA,NA,NA,"none",NA,NA,"2045","2046",NA,"False","False","False","False","False","True","True","False","True","True","False","True","Local donors","contractor",NA,"False","False","False","True","False",NA,NA,"no",NA,NA,NA,NA,"yes",NA,"1443760208093.jpg",0,"1443760216912.jpg","False","False","False","False","False","False","True","False","False","False","False","False","True",NA,"Walk slab joint cracked","1443760370332.jpg","no",NA,NA,"no",NA,"False","False","False","True","False",NA,"rectangular_long",NA,"1443760408381.jpg","yes","regular","no","no","all_column","all_walls","same_level","no",NA,NA,NA,NA,NA,NA,NA,NA,NA,NA,NA,NA,NA,NA,NA,NA,NA,"1443762047614.jpg",NA,"1443762061070.jpg",NA,"uuid:6e7c3c60-3d1d-4ed9-a7fb-fe3ecd349246","6e7c3c60-3d1d-4ed9-a7fb-fe3ecd349246","2015-10-03T06:46:48",NA,NA,201509251214,NA,"None"
"151","Bda30",31,31020,"0025","A","EMIS310200025-A","Building EMIS310200025-A","True","1443772168086.jpg","27.41971887 85.04582239 402.8999938964844 5.0",27.41971887,85.04582239,402.899993896484,5,"unaffected",NA,NA,"False","True","True","True","False","False","False","False",240,8,NA,1,NA,2,NA,NA,NA,"False","False","False","False","False","True","False",NA,NA,NA,NA,NA,NA,NA,NA,NA,NA,NA,"none",NA,NA,"2066","2067",NA,"False","False","False","False","True","True","True","True","True","True","False","False",NA,"contractor",NA,"False","False","False","True","False",NA,NA,"no",NA,NA,NA,NA,"no",NA,NA,NA,NA,"False","False","False","False","False","False","False","False","False","False","False","True","False",NA,NA,NA,"no",NA,NA,"yes",NA,"False","False","False","False","True",NA,"rectangular_long",NA,"1443772323385.jpg","yes","regular","no","no","all_column","all_walls","same_level","no",NA,NA,NA,NA,NA,NA,NA,NA,NA,NA,NA,NA,NA,NA,NA,NA,NA,"1443772365344.jpg",NA,"1443772377732.jpg",NA,"uuid:4f3f9650-c834-4bd4-8139-e43e997f2ff4","4f3f9650-c834-4bd4-8139-e43e997f2ff4","2015-10-03T07:17:17",NA,NA,201509251214,NA,"None"
"167","Bda30",31,31021,"0005","C","EMIS310210005-C","Building EMIS310210005-C","True","1443587595258.jpg",NA,NA,NA,NA,NA,"unaffected",NA,"1443587658473.jpg","False","False","False","False","True","False","False","False",599,2,NA,NA,NA,NA,NA,NA,NA,"False","False","False","False","False","True","False",NA,NA,NA,NA,NA,NA,NA,NA,NA,NA,NA,"green",NA,"1443587739498.jpg","2046","2047",NA,"True","False","False","False","False","False","False","False","False","False","False","False",NA,"contractor",NA,"False","False","False","True","False",NA,NA,"no",NA,NA,NA,NA,"no",NA,"1443587875148.jpg",NA,NA,"False","False","False","False","False","False","False","False","False","False","False","True","False",NA,NA,NA,"no",NA,NA,"yes",NA,"False","False","False","False","True",NA,"rectangular_long",NA,NA,"no",NA,NA,NA,NA,NA,"same_level","no",NA,NA,NA,NA,NA,NA,NA,NA,NA,NA,NA,NA,NA,NA,NA,NA,NA,"1443587941536.jpg",NA,"1443587964618.jpg",NA,"uuid:99cd01da-4b05-4744-a3f1-8aa3f4adb901","99cd01da-4b05-4744-a3f1-8aa3f4adb901","2015-10-03T09:42:54",NA,NA,201509251214,NA,"None"
"171","Bda30",31,31021,"0005","A","EMIS310210005-A","Building EMIS310210005-A","True","1443580794069.jpg","27.37483275 85.14706275 441.8999938964844 9.0",27.37483275,85.14706275,441.899993896484,9,"minor_damage",NA,"1443581268894.jpg","False","False","False","False","True","False","False","False",599,6,1,NA,NA,NA,NA,NA,NA,"False","False","False","False","False","True","False",NA,NA,NA,NA,NA,NA,NA,NA,NA,NA,NA,"red",NA,"1443581587558.jpg","2055","2056",NA,"False","False","False","False","False","False","False","False","False","True","False","False",NA,"community",NA,"False","False","False","True","False",NA,NA,"no",NA,NA,NA,NA,"yes",NA,"1443581706109.jpg",4,"1443581730802.jpg","False","False","False","False","False","False","True","False","False","False","False","False","False",NA,NA,NA,"no",NA,NA,"no",NA,"False","False","False","False","True",NA,"rectangular_long",NA,NA,"yes","regular","yes","yes","na","betn_50_84","same_level","no",NA,NA,NA,NA,NA,NA,NA,NA,NA,NA,NA,NA,NA,NA,NA,NA,NA,"1443581922794.jpg",NA,"1443581952128.jpg",NA,"uuid:efa70da8-d020-4970-8854-c4b5f54297a8","efa70da8-d020-4970-8854-c4b5f54297a8","2015-10-03T10:11:07",NA,NA,201509251214,NA,"None"
"172","Bda30",31,31021,"0005","B","EMIS310210005-B","Building EMIS310210005-B","True","1443585876778.jpg","27.3746575 85.14729948 386.1000061035156 5.0",27.3746575,85.14729948,386.100006103516,5,"damage_to_structure",NA,"1443586088934.jpg","False","False","False","False","True","False","False","False",599,1,NA,NA,1,2,NA,NA,NA,"False","False","False","False","False","True","False",NA,NA,NA,NA,NA,NA,NA,NA,NA,NA,NA,"red",NA,"1443586259566.jpg","2060","2065",NA,"False","False","False","False","False","True","False","False","True","False","False","False",NA,"community",NA,"False","True","False","False","False",NA,NA,"no",NA,NA,NA,NA,"no",NA,"1443586490270.jpg",NA,NA,"True","False","True","False","False","False","True","False","False","False","False","False","False",NA,NA,"1443586547617.jpg","no",NA,NA,"yes",NA,"False","False","False","True","False",NA,"rectangular_long",NA,"1443586624229.jpg","yes","regular","no","no","all_column","all_walls","same_level","yes",2,2,1,1,"EMIS310210005-B1",2,2,"EMIS310210005-B2",NA,NA,NA,NA,NA,NA,NA,NA,NA,"1443586738211.jpg",NA,"1443586752999.jpg",NA,"uuid:1982c8fb-dd07-4d95-80ff-a98674f1bd75","1982c8fb-dd07-4d95-80ff-a98674f1bd75","2015-10-03T10:16:21",NA,NA,201509251214,NA,"None"
"203","Bda30",31,31020,"0009","A","EMIS310200009-A","Building EMIS310200009-A","True","1443689642146.jpg","27.41507537 85.0146421 410.6000061035156 4.0",27.41507537,85.0146421,410.600006103516,4,"damage_to_infill_walls","Mainly walls are not stable properly","1443689111275.jpg","False","False","True","False","False","False","False","False",65,2,NA,NA,NA,NA,NA,NA,1,"False","False","False","False","False","True","False",NA,NA,NA,NA,NA,NA,NA,NA,NA,NA,NA,"red",NA,"1443689242426.jpg","2061","2062",NA,"False","False","False","False","False","False","False","True","True","True","False","False",NA,"community",NA,"False","False","False","True","False",NA,NA,"no",NA,NA,NA,NA,"no",NA,NA,NA,NA,"False","False","False","False","False","False","True","True","False","False","False","False","False",NA,NA,"1443689437877.jpg","no",NA,NA,"yes",NA,"False","False","False","False","True",NA,"rectangular_long",NA,"1443689509893.jpg","no",NA,NA,NA,NA,NA,"same_level","no",NA,NA,NA,NA,NA,NA,NA,NA,NA,NA,NA,NA,NA,NA,NA,NA,NA,"1443689590730.jpg",NA,"1443690150123.jpg",NA,"uuid:0ecd91bd-279a-4303-85c7-fbcc48a84eff","0ecd91bd-279a-4303-85c7-fbcc48a84eff","2015-10-04T09:10:32",NA,NA,201509251214,NA,"None"
"204","Bda30",31,31020,"0009","B","EMIS310200009-B","Building EMIS310200009-B","True","1443691567968.jpg","27.415162 85.01449803 381.6000061035156 5.0",27.415162,85.01449803,381.600006103516,5,"unaffected",NA,NA,"False","True","False","False","False","False","False","False",30,2,NA,NA,NA,NA,NA,NA,NA,"False","False","False","False","False","True","False",NA,NA,NA,NA,NA,NA,NA,NA,NA,NA,NA,"green","Tag not found",NA,"2056","2057",NA,"False","False","False","False","False","False","False","True","True","True","False","False",NA,"community",NA,"False","False","False","True","False",NA,NA,"no",NA,NA,NA,NA,"no",NA,NA,NA,NA,"False","False","False","False","False","False","False","False","False","False","False","True","False",NA,NA,NA,"no",NA,NA,"yes",NA,"False","False","False","False","True",NA,"rectangular_compact",NA,"1443692003508.jpg","no",NA,NA,NA,NA,NA,"same_level","no",NA,NA,NA,NA,NA,NA,NA,NA,NA,NA,NA,NA,NA,NA,NA,NA,NA,"1443692093043.jpg",NA,"1443692107609.jpg",NA,"uuid:a3c61fda-64ae-456e-9340-08c5faf8e0c2","a3c61fda-64ae-456e-9340-08c5faf8e0c2","2015-10-04T09:22:07",NA,NA,201509251214,NA,"None"
"207","Bda30",31,31020,"0009","D","EMIS310200009-D","Building EMIS310200009-D","True","1443694241141.jpg","27.41497064 85.01459135 388.1000061035156 5.0",27.41497064,85.01459135,388.100006103516,5,"unaffected",NA,"1443694281535.jpg","False","False","True","False","False","False","False","True",15,NA,1,NA,NA,1,NA,NA,NA,"False","False","False","False","False","True","False",NA,NA,NA,NA,NA,NA,NA,NA,NA,NA,NA,"green","Missing",NA,"2070","2071",NA,"False","False","False","False","True","False","False","False","True","True","False","False",NA,"community",NA,"False","False","False","True","False",NA,NA,"no",NA,NA,NA,NA,"no",NA,NA,NA,NA,"False","False","False","False","False","False","False","False","False","False","False","True","False",NA,NA,NA,"no",NA,NA,"yes",NA,"False","False","False","False","True",NA,"rectangular_compact",NA,"1443694537809.jpg","no",NA,NA,NA,NA,NA,"same_level","no",NA,NA,NA,NA,NA,NA,NA,NA,NA,NA,NA,NA,NA,NA,NA,NA,NA,"1443694587319.jpg",NA,"1443694599356.jpg",NA,"uuid:24b8f24a-0492-45c4-83b3-02e0ec3d911b","24b8f24a-0492-45c4-83b3-02e0ec3d911b","2015-10-04T09:38:10",NA,NA,201509251214,NA,"None"
"209","Bda30",31,31020,"0009","C","EMIS310200009-C","Building EMIS310200009-C","True","1443693033999.jpg","27.41490588 85.01444485 366.20001220703125 5.0",27.41490588,85.01444485,366.200012207031,5,"unaffected",NA,NA,"False","True","False","False","False","False","False","False",30,2,NA,NA,NA,NA,NA,NA,NA,"False","False","False","False","False","True","False",NA,NA,NA,NA,NA,NA,NA,NA,NA,NA,NA,"red","Tag missing",NA,"2048","2049",NA,"False","False","False","False","False","False","False","False","True","True","False","False",NA,"community",NA,"False","False","False","True","False",NA,NA,"no",NA,NA,NA,NA,"no",NA,NA,NA,NA,"False","False","False","False","False","False","False","False","False","False","False","True","False",NA,NA,NA,"no",NA,NA,"yes",NA,"False","False","False","False","True",NA,"rectangular_compact",NA,"1443693369176.jpg","no",NA,NA,NA,NA,NA,"same_level","no",NA,NA,NA,NA,NA,NA,NA,NA,NA,NA,NA,NA,NA,NA,NA,NA,NA,"1443693395642.jpg",NA,"1443693408082.jpg",NA,"uuid:091b54c5-f4ef-454f-9d65-7df05b5420fb","091b54c5-f4ef-454f-9d65-7df05b5420fb","2015-10-04T10:16:42",NA,NA,201509251214,NA,"None"
"226","Bda30",31,31020,"0006","A","EMIS310200006-A","Building EMIS310200006-A","True","1443937491421.jpg","27.40684463 85.03952697 357.29998779296875 5.0",27.40684463,85.03952697,357.299987792969,5,"minor_damage",NA,"1443937653863.jpg","True","True","False","False","False","False","False","False",80,4,1,NA,NA,1,NA,NA,NA,"False","False","False","True","False","False","False",NA,NA,NA,NA,NA,NA,NA,"1443937805788.jpg",NA,NA,NA,"mixed","3 room red other Green clour","1443937847370.jpg","2051","2053",NA,"False","False","False","False","False","False","False","False","False","False","False","True","Municapilaty","community",NA,"False","True","False","False","False",NA,NA,"no",NA,NA,NA,NA,"no",NA,NA,NA,NA,"False","False","False","False","False","False","True","True","False","False","False","False","False",NA,NA,"1443938107635.jpg","no",NA,NA,"yes",NA,"False","False","False","False","True",NA,"rectangular_long",NA,"1443938128718.jpg","no",NA,NA,NA,NA,NA,"same_level","no",NA,NA,NA,NA,NA,NA,NA,NA,NA,NA,NA,NA,NA,NA,NA,NA,NA,"1443945210854.jpg",NA,"1443945225730.jpg",NA,"uuid:392fd5ab-db65-4fe5-9b18-fafa9d89a020","392fd5ab-db65-4fe5-9b18-fafa9d89a020","2015-10-04T12:24:03",NA,NA,201509251214,NA,"None"
"229","Bda30",31,31020,"0006","B","EMIS310200006-B","Building EMIS310200006-B","True","1443939133268.jpg","27.4068309 85.03952754 402.29998779296875 5.0",27.4068309,85.03952754,402.299987792969,5,"minor_damage",NA,"1443939201707.jpg","True","True","False","False","False","False","False","False",65,2,NA,NA,NA,NA,NA,NA,NA,"False","False","False","False","False","True","False",NA,NA,NA,NA,NA,NA,NA,NA,NA,NA,NA,"green","Missing",NA,"2064","2065",NA,"False","False","False","False","True","False","False","False","True","True","False","False",NA,"community",NA,"False","False","False","True","False",NA,NA,"no",NA,NA,NA,NA,"no",NA,NA,NA,NA,"False","False","False","False","False","False","False","True","False","False","False","False","False",NA,NA,"1443939373244.jpg","no",NA,NA,"yes",NA,"False","False","False","False","True",NA,"rectangular_compact",NA,"1443939393158.jpg","no",NA,NA,NA,NA,NA,"same_level","no",NA,NA,NA,NA,NA,NA,NA,NA,NA,NA,NA,NA,NA,NA,NA,NA,NA,"1443945262381.jpg",NA,"1443945277253.jpg",NA,"uuid:1228a28d-7e3f-49c6-8a9c-512d4c052599","1228a28d-7e3f-49c6-8a9c-512d4c052599","2015-10-04T12:27:31",NA,NA,201509251214,NA,"None"
"231","Bda30",31,31020,"0013","A","EMIS310200013-A","Building EMIS310200013-A","True","1443853487351.jpg","27.40608304 85.06435695 377.20001220703125 4.0",27.40608304,85.06435695,377.200012207031,4,"unaffected",NA,"1443853519078.jpg","False","True","False","False","False","False","False","False",0,2,NA,NA,NA,NA,NA,NA,NA,"False","False","False","False","False","True","False",NA,NA,NA,NA,NA,NA,NA,NA,NA,NA,NA,"none",NA,NA,"2050","2050",NA,"False","False","False","True","False","False","False","False","False","False","False","False",NA,"contractor",NA,"False","False","False","False","True",NA,NA,"no",NA,NA,NA,NA,"no",NA,NA,NA,NA,"False","False","False","False","False","False","False","False","False","False","False","True","False",NA,NA,NA,"no",NA,NA,"yes",NA,"False","False","False","False","True",NA,"rectangular_compact",NA,"1443853608640.jpg","no",NA,NA,NA,NA,NA,"same_level","no",NA,NA,NA,NA,NA,NA,NA,NA,NA,NA,NA,NA,NA,NA,NA,NA,NA,"1443853759087.jpg",NA,"1443853784471.jpg",NA,"uuid:37a84cd3-a1ed-4414-b8e4-433d8ba7587c","37a84cd3-a1ed-4414-b8e4-433d8ba7587c","2015-10-04T12:31:43",NA,NA,201509251214,NA,"None"
"239","Bda30",31,31020,"0022","A","EMIS310200022-A","Building EMIS310200022-A","True","1443436974165.jpg","27.42801592 85.0348344 390.79998779296875 5.0",27.42801592,85.0348344,390.799987792969,5,"damage_to_structure",NA,"1443437068000.jpg","False","True","True","True","True","True","False","False",775,16,NA,1,1,1,NA,1,NA,"False","False","False","False","False","True","False",NA,NA,NA,NA,NA,NA,NA,NA,NA,NA,NA,"red",NA,"1443437290637.jpg","2036","2057","Step step construction","False","False","False","False","False","False","False","False","True","True","False","False",NA,"contractor",NA,"True","False","False","False","False",NA,NA,"no",NA,NA,NA,NA,"no",NA,"1443437415180.jpg",NA,NA,"False","False","True","False","False","False","True","False","False","False","False","False","False",NA,NA,"1443437510430.jpg","no",NA,NA,"yes",NA,"False","False","False","False","True",NA,"C_shaped",NA,"1443437614990.jpg","yes","regular","no","yes","na","all_walls","same_level","no",NA,NA,NA,NA,NA,NA,NA,NA,NA,NA,NA,NA,NA,NA,NA,NA,NA,"1443437760959.jpg",NA,"1443437784899.jpg",NA,"uuid:c93160d7-0e3e-4eef-8c7d-1b240909fb9e","c93160d7-0e3e-4eef-8c7d-1b240909fb9e","2015-10-04T12:59:09",NA,NA,201509251214,NA,"None"
"241","Bda30",31,31020,"0022","B","EMIS310200022-B","Building EMIS310200022-B","True","1443439081821.jpg","27.42787072 85.03490529 393.70001220703125 4.0",27.42787072,85.03490529,393.700012207031,4,"unaffected",NA,"1443439117145.jpg","False","True","False","False","False","False","False","False",70,2,NA,NA,NA,NA,NA,NA,NA,"False","False","False","False","False","True","False",NA,NA,NA,NA,NA,NA,NA,NA,NA,NA,NA,"green","Missing by student","1443439200050.jpg","2061","2062","Jica supported for construction","False","False","False","True","False","False","False","False","False","False","False","False",NA,"contractor",NA,"False","False","False","True","False",NA,NA,"no",NA,NA,NA,NA,"no",NA,NA,NA,NA,"False","False","False","False","False","False","False","False","False","False","False","True","False",NA,NA,NA,"no",NA,NA,"yes",NA,"False","False","False","False","True",NA,"rectangular_compact",NA,"1443439408693.jpg","no",NA,NA,NA,NA,NA,"same_level","no",NA,NA,NA,NA,NA,NA,NA,NA,NA,NA,NA,NA,NA,NA,NA,NA,NA,"1443439782501.jpg",NA,"1443439802077.jpg",NA,"uuid:caa9396a-c0c0-4c55-96e3-76a0884f2437","caa9396a-c0c0-4c55-96e3-76a0884f2437","2015-10-04T13:02:23",NA,NA,201509251214,NA,"None"
"242","Bda30",31,31020,"0022","C","EMIS310200022-C","Building EMIS310200022-C","True","1443440252149.jpg","27.42788543 85.03499982 388.1000061035156 4.0",27.42788543,85.03499982,388.100006103516,4,"minor_damage",NA,"1443440303425.jpg","False","False","False","True","False","False","False","False",96,NA,NA,NA,NA,NA,NA,4,NA,"False","False","False","False","False","True","False",NA,NA,NA,NA,NA,NA,NA,NA,NA,NA,NA,"red","Missing","1443440407638.jpg","2032","2035","Community construction","False","False","False","False","False","False","False","False","True","False","False","False",NA,"community",NA,"False","False","False","True","False",NA,NA,"no",NA,NA,NA,NA,"no",NA,NA,NA,NA,"False","False","False","False","False","False","True","False","False","False","False","False","False",NA,NA,"1443440538540.jpg","no",NA,NA,"yes",NA,"False","False","False","False","True",NA,"rectangular_compact",NA,"1443440573435.jpg","no",NA,NA,NA,NA,NA,"same_level","yes",NA,NA,NA,NA,NA,NA,NA,NA,NA,NA,NA,NA,NA,NA,NA,NA,NA,"1443440668091.jpg",NA,"1443440694506.jpg",NA,"uuid:327343dc-cad2-4a55-a2f2-99660d8ecc01","327343dc-cad2-4a55-a2f2-99660d8ecc01","2015-10-04T13:08:32",NA,NA,201509251214,NA,"None"
"244","Bda30",31,31020,"0022","D","EMIS310200022-D","Building EMIS310200022-D","True","1443493908243.jpg","27.42810681 85.03525343 444.3999938964844 4.0",27.42810681,85.03525343,444.399993896484,4,"minor_damage",NA,"1443494092356.jpg","False","False","False","True","False","True","False","False",85,2,NA,NA,NA,NA,NA,NA,NA,"False","False","False","False","False","True","False",NA,NA,NA,NA,NA,NA,NA,NA,NA,NA,NA,"green","Modified after earth quake","1443494260113.jpg","2048","2049",NA,"False","False","False","False","False","False","False","False","False","True","False","False",NA,"community",NA,"False","False","False","True","False",NA,NA,"no",NA,NA,NA,NA,"no",NA,NA,NA,NA,"False","False","False","False","False","False","True","False","False","False","False","False","False",NA,NA,"1443494403602.jpg","no",NA,NA,"yes",NA,"False","False","False","False","True",NA,"rectangular_compact",NA,"1443494448029.jpg","no",NA,NA,NA,NA,NA,"same_level","no",NA,NA,NA,NA,NA,NA,NA,NA,NA,NA,NA,NA,NA,NA,NA,NA,NA,"1443494494955.jpg",NA,"1443494594961.jpg",NA,"uuid:0930dadb-364e-47ee-9a71-bf6952629c18","0930dadb-364e-47ee-9a71-bf6952629c18","2015-10-04T13:14:48",NA,NA,201509251214,NA,"None"
"264","Bda30",31,31020,"0002","A","EMIS310200002-A","Building EMIS310200002-A","True","1443688022446.jpg","27.39659675 85.01748728 442.0 5.0",27.39659675,85.01748728,442,5,"unaffected",NA,"1443688063141.jpg","False","True","False","False","False","False","False","False",11,1,NA,NA,NA,1,NA,NA,1,"False","False","False","False","False","True","False",NA,NA,NA,NA,NA,NA,NA,NA,NA,NA,NA,"green",NA,"1443688137597.jpg","2066","2067",NA,"False","False","False","False","False","False","False","True","False","False","False","False",NA,"community",NA,"False","False","False","True","False",NA,NA,"no",NA,NA,NA,NA,"no",NA,NA,NA,NA,"False","False","False","False","False","False","False","False","False","False","False","True","False",NA,NA,NA,"no",NA,NA,"yes",NA,"False","False","False","False","True",NA,"rectangular_compact",NA,"1443688242460.jpg","no",NA,NA,NA,NA,NA,"same_level","no",NA,NA,NA,NA,NA,NA,NA,NA,NA,NA,NA,NA,NA,NA,NA,NA,NA,"1443788761824.jpg",NA,"1443788785340.jpg",NA,"uuid:73791460-c29c-4ede-bf3b-a7b90f352568","73791460-c29c-4ede-bf3b-a7b90f352568","2015-10-04T19:44:42",NA,NA,201509251214,NA,"None"
"265","Bda30",31,31020,"0002","B","EMIS310200002-B","Building EMIS310200002-B","True","1443688761941.jpg","27.39668472 85.01762458 449.3999938964844 5.0",27.39668472,85.01762458,449.399993896484,5,"minor_damage",NA,"1443688871013.jpg","False","True","False","False","False","False","False","False",14,1,NA,NA,NA,NA,NA,NA,NA,"False","False","False","False","False","True","False",NA,NA,NA,NA,NA,NA,NA,NA,NA,NA,NA,"red",NA,"1443688934371.jpg","2050","2050",NA,"False","False","False","False","True","False","False","False","False","False","False","False",NA,"community",NA,"False","False","False","True","False",NA,NA,"no",NA,NA,NA,NA,"no",NA,NA,NA,NA,"False","False","False","False","False","False","True","True","False","False","False","False","False",NA,NA,"1443689032366.jpg","no",NA,NA,"yes",NA,"False","False","False","False","True",NA,"rectangular_compact",NA,"1443689092354.jpg","no",NA,NA,NA,NA,NA,"same_level","no",NA,NA,NA,NA,NA,NA,NA,NA,NA,NA,NA,NA,NA,NA,NA,NA,NA,"1443788839759.jpg",NA,"1443788880490.jpg",NA,"uuid:9f78637f-4c24-45a2-aca9-f95c2ad4bb13","9f78637f-4c24-45a2-aca9-f95c2ad4bb13","2015-10-04T19:49:37",NA,NA,201509251214,NA,"None"
"338","Bda30",31,31020,"0003","A","EMIS310200003-A","Building EMIS310200003-A","True","1443600527126.jpg","27.44300276 84.99041102 368.6000061035156 4.0",27.44300276,84.99041102,368.600006103516,4,"unaffected",NA,"1443600578964.jpg","False","True","False","False","False","False","False","False",28,1,1,NA,NA,1,NA,NA,NA,"False","False","False","False","False","True","False",NA,NA,NA,NA,NA,NA,NA,NA,NA,NA,NA,"green","Now missing",NA,"2057","2058",NA,"False","False","False","False","False","True","False","False","True","False","False","False",NA,"community",NA,"False","False","False","True","False",NA,NA,"no",NA,NA,NA,NA,"no",NA,NA,NA,NA,"False","False","False","False","False","False","True","False","False","False","False","False","False",NA,NA,"1443600925367.jpg","no",NA,NA,"yes",NA,"False","False","False","False","True",NA,"rectangular_long",NA,"1443601011026.jpg","no",NA,NA,NA,NA,NA,"same_level","no",NA,NA,NA,NA,NA,NA,NA,NA,NA,NA,NA,NA,NA,NA,NA,NA,NA,"1443601254486.jpg",NA,"1443601283773.jpg",NA,"uuid:5376ee9e-bf22-4d78-9f33-ee1acc5d3cab","5376ee9e-bf22-4d78-9f33-ee1acc5d3cab","2015-10-05T14:24:47",NA,NA,201509251214,NA,"None"
"340","Bda30",31,31020,"0003","B","EMIS310200003-B","Building EMIS310200003-B","True","1443602380419.jpg","27.44297291 84.99052543 366.70001220703125 5.0",27.44297291,84.99052543,366.700012207031,5,"minor_damage","Affected by earthquake","1443602547047.jpg","False","True","False","False","False","False","False","False",60,3,NA,NA,NA,NA,NA,NA,1,"False","False","False","False","False","True","False",NA,NA,NA,NA,NA,NA,NA,NA,NA,NA,NA,"red",NA,"1443602614375.jpg","2048","2049",NA,"False","False","False","False","True","False","False","False","True","True","False","False",NA,"community",NA,"False","True","False","False","False",NA,"1 room","no",NA,NA,NA,NA,"no",NA,NA,NA,NA,"False","False","False","False","False","False","True","True","False","False","False","False","False",NA,NA,"1443602894096.jpg","yes",NA,"1443602944559.jpg","yes",NA,"False","False","False","False","True",NA,"rectangular_long",NA,NA,"no",NA,NA,NA,NA,NA,"different_level","no",NA,NA,NA,NA,NA,NA,NA,NA,NA,NA,NA,NA,NA,NA,NA,NA,NA,"1443603071885.jpg",NA,"1443603335621.jpg",NA,"uuid:375f06e4-909a-4424-bbbd-39f45473c63a","375f06e4-909a-4424-bbbd-39f45473c63a","2015-10-05T14:31:56",NA,NA,201509251214,NA,"None"
"343","Bda30",31,31020,"0003","C","EMIS310200003-C","Building EMIS310200003-C","True","1443604718248.jpg","27.44295385 84.99037461 378.6000061035156 5.0",27.44295385,84.99037461,378.600006103516,5,"unaffected",NA,"1443604758958.jpg","False","True","False","False","False","False","False","False",60,2,NA,NA,NA,NA,NA,NA,NA,"False","False","False","False","False","True","False",NA,NA,NA,NA,NA,NA,NA,NA,NA,NA,NA,"green",NA,"1443604791334.jpg","2066","2067",NA,"False","False","False","False","True","False","False","True","True","True","False","False",NA,"community",NA,"False","False","False","True","False",NA,NA,"no",NA,NA,NA,NA,"no",NA,NA,NA,NA,"False","False","False","False","False","False","False","False","False","False","False","True","False",NA,NA,NA,"no",NA,NA,"no",NA,"False","False","False","False","True",NA,"rectangular_compact",NA,"1443604903853.jpg","no",NA,NA,NA,NA,NA,"same_level","no",NA,NA,NA,NA,NA,NA,NA,NA,NA,NA,NA,NA,NA,NA,NA,NA,NA,"1444053414768.jpg",NA,"1444053586978.jpg",NA,"uuid:c7019bd3-3da0-4c09-ab33-31956930147b","c7019bd3-3da0-4c09-ab33-31956930147b","2015-10-05T14:44:32",NA,NA,201509251214,NA,"None"
"918","Bda30",31,31010,"0006","A","EMIS310100006-A","Building EMIS310100006-A","True","1443505973100.jpg","27.65719489 85.14570913 1703.5999755859375 10.0",27.65719489,85.14570913,1703.59997558594,10,"damage_to_infill_walls",NA,"1443507035981.jpg","False","False","True","False","False","False","False","False",108,6,1,NA,1,1,NA,NA,NA,"False","False","False","False","False","True","False",NA,NA,NA,NA,NA,NA,NA,NA,NA,NA,NA,"mixed","Left portion is red marked ..other part of building is green marked","1443507324707.jpg","2058","2068","Ground floor constructed at 2058. First floor constructed later on 2068","False","False","False","False","False","False","False","True","True","False","False","False",NA,"community",NA,"True","False","False","False","False",NA,"First floor added","no",NA,NA,NA,NA,"yes",NA,"1443507552408.jpg",0,NA,"True","False","True","False","False","False","True","False","False","False","False","False","False",NA,NA,NA,"no",NA,NA,"yes",NA,"False","False","False","False","True",NA,"rectangular_long",NA,NA,"yes","regular","no","no","all_column","all_walls","same_level","no",NA,NA,NA,NA,NA,NA,NA,NA,NA,NA,NA,NA,NA,NA,NA,NA,NA,"1443510064072.jpg",NA,"1443510078845.jpg",NA,"uuid:53e16142-531d-4c4c-bc4e-8c51a134d6bb","53e16142-531d-4c4c-bc4e-8c51a134d6bb","2015-10-11T06:19:00",NA,NA,201509251214,NA,"None"
"922","Bda30",31,31010,"0006","A","EMIS310100006-A","Building EMIS310100006-A","True","1443515002274.jpg","27.65771699 85.14696534 1703.699951171875 7.0",27.65771699,85.14696534,1703.69995117188,7,"damage_to_structure",NA,"1443515126532.jpg","True","False","False","False","False","False","False","False",15,1,NA,NA,NA,NA,NA,NA,NA,"False","False","False","False","False","True","False",NA,NA,NA,NA,NA,NA,NA,NA,NA,NA,NA,"red",NA,"1443515172171.jpg","2063","2063",NA,"False","False","False","False","False","False","False","False","True","True","False","False",NA,"community",NA,"False","False","False","True","False",NA,NA,"no",NA,NA,NA,NA,"no",NA,NA,NA,NA,"False","False","False","False","False","False","True","False","False","False","False","False","False",NA,NA,NA,"no",NA,NA,"yes",NA,"False","False","False","False","True",NA,"rectangular_compact",NA,NA,"no",NA,NA,NA,NA,NA,"same_level","no",NA,NA,NA,NA,NA,NA,NA,NA,NA,NA,NA,NA,NA,NA,NA,NA,NA,"1443515430919.jpg",NA,"1443515439919.jpg",NA,"uuid:ed810275-b4b5-487d-98f5-725fc89e9517","ed810275-b4b5-487d-98f5-725fc89e9517","2015-10-11T06:20:30",NA,NA,201509251214,NA,"None"
"991","Bda30",31,31044,"0007","A","EMIS310440007-A","Building EMIS310440007-A","True","1443860483320.jpg","27.63146305 85.09955685 1721.9000244140625 5.0",27.63146305,85.09955685,1721.90002441406,5,"minor_damage",NA,"1443860702977.jpg","False","False","True","False","False","False","False","False",120,2,NA,NA,NA,NA,NA,NA,NA,"False","False","False","False","False","True","False",NA,NA,NA,NA,NA,NA,NA,NA,NA,NA,NA,"green",NA,"1443860827783.jpg","2066","2066",NA,"False","False","False","False","True","False","False","True","False","False","False","False",NA,"community",NA,"False","False","False","True","False",NA,NA,"no",NA,NA,NA,NA,"no",NA,NA,NA,NA,NA,NA,NA,NA,NA,NA,NA,NA,NA,NA,NA,NA,NA,NA,NA,NA,"no",NA,NA,"yes",NA,"False","False","False","False","True",NA,"rectangular_compact",NA,"1443860946407.jpg","no",NA,NA,NA,NA,NA,"same_level","no",NA,NA,NA,NA,NA,NA,NA,NA,NA,NA,NA,NA,NA,NA,NA,NA,NA,"1443860957877.jpg",NA,"1443860963645.jpg",NA,"uuid:7b07f9ff-cafe-41ae-ab0a-b0976000ccef","7b07f9ff-cafe-41ae-ab0a-b0976000ccef","2015-10-11T06:37:23",NA,NA,201509251214,NA,"None"
"994","Bda30",31,31044,"0007","A","EMIS310440007-A","Building EMIS310440007-A","True","1443775981152.jpg","27.68944129 85.06106173 1645.9000244140625 12.0",27.68944129,85.06106173,1645.90002441406,12,"minor_damage",NA,NA,"False","True","False","False","False","False","False","False",67,5,NA,NA,NA,1,NA,NA,NA,"False","False","False","False","False","True","False",NA,NA,NA,NA,NA,NA,NA,NA,NA,NA,NA,"none",NA,NA,"2032","2032",NA,NA,NA,NA,NA,NA,NA,NA,NA,NA,NA,NA,NA,NA,"community",NA,"False","False","False","True","False",NA,NA,"no",NA,NA,NA,NA,"no",NA,NA,NA,NA,"False","False","False","False","False","False","True","False","False","False","False","False","False",NA,NA,NA,"no",NA,NA,"yes",NA,"False","False","False","False","True",NA,"rectangular_long",NA,"1443776289361.jpg","no",NA,NA,NA,NA,NA,"same_level","no",NA,NA,NA,NA,NA,NA,NA,NA,NA,NA,NA,NA,NA,NA,NA,NA,NA,"1443776330754.jpg",NA,"1443776341810.jpg",NA,"uuid:cf45ffa2-9e6b-4398-9fb5-47700a2c88b9","cf45ffa2-9e6b-4398-9fb5-47700a2c88b9","2015-10-11T06:38:28",NA,NA,201509251214,NA,"None"
"1726","Bda30",31,31040,"0012","C","EMIS310400012-C","Building EMIS310400012-C","True","1444013545797.jpg",NA,NA,NA,NA,NA,"unaffected",NA,NA,"True","True","False","False","False","False","False","False",41,2,NA,NA,NA,NA,NA,NA,NA,"False","False","False","False","False","True","False",NA,NA,NA,NA,NA,NA,NA,NA,NA,NA,NA,"green",NA,"1444013591559.jpg","2064","2065",NA,"False","False","False","False","True","False","False","False","False","False","False","False",NA,"contractor",NA,"False","False","False","True","False",NA,NA,"no",NA,NA,NA,NA,"no",NA,NA,NA,NA,"False","False","False","False","False","False","False","False","False","False","False","True","False",NA,NA,NA,"no",NA,NA,"yes",NA,"False","False","False","False","True",NA,"rectangular_long",NA,NA,"no",NA,NA,NA,NA,NA,"same_level","no",NA,NA,NA,NA,NA,NA,NA,NA,NA,NA,NA,NA,NA,NA,NA,NA,NA,NA,NA,NA,NA,"uuid:98a4bb05-cb89-4af7-a69e-e02b7c79f60f","98a4bb05-cb89-4af7-a69e-e02b7c79f60f","2015-10-18T08:17:36",NA,NA,201509251214,NA,"None"
"1769","Bda30",31,31040,"0012","C","EMIS310400012-C","Building EMIS310400012-C","True","1444014045566.jpg",NA,NA,NA,NA,NA,"unaffected",NA,NA,"True","True","False","False","False","False","False","False",41,2,NA,NA,NA,NA,NA,NA,NA,"False","False","False","False","False","True","False",NA,NA,NA,NA,NA,NA,NA,NA,NA,NA,NA,"green",NA,"1444014097664.jpg","2064","2065",NA,"False","False","False","False","True","False","False","False","False","False","False","False",NA,"contractor",NA,"False","False","False","True","False",NA,NA,"no",NA,NA,NA,NA,"no",NA,NA,NA,NA,"False","False","False","False","False","False","False","False","False","False","False","True","False",NA,NA,NA,"no",NA,NA,"yes",NA,"False","False","False","False","True",NA,"rectangular_long",NA,NA,"no",NA,NA,NA,NA,NA,"same_level","no",NA,NA,NA,NA,NA,NA,NA,NA,NA,NA,NA,NA,NA,NA,NA,NA,NA,NA,NA,NA,NA,"uuid:89dbad77-a840-4167-bde5-4c55bfe44767","89dbad77-a840-4167-bde5-4c55bfe44767","2015-10-18T10:56:18",NA,NA,201509251214,NA,"None"
"2340","Bda30",31,31020,"0002","A","EMIS310200002-A","Building EMIS310200002-A","True","1446789396628.jpg",NA,NA,NA,NA,NA,"damage_to_infill_walls",NA,"1446789510804.jpg","True","True","False","False","False","False","False","False",NA,5,NA,NA,NA,NA,NA,NA,NA,"False","False","False","False","False","True","False",NA,NA,NA,NA,NA,NA,NA,NA,NA,NA,NA,"mixed",NA,"1446789724954.jpg","2055","2056",NA,"False","False","False","False","True","False","False","False","True","False","False","False",NA,"community",NA,NA,NA,NA,NA,NA,NA,"No modification","no",NA,NA,NA,NA,"no",NA,NA,NA,NA,"False","False","False","False","False","False","True","False","False","False","False","False","False",NA,NA,"1446789962506.jpg","no",NA,NA,"yes",NA,"False","False","False","False","True",NA,"rectangular_long",NA,"1446790068047.jpg","no",NA,NA,NA,NA,NA,"same_level","no",NA,NA,NA,NA,NA,NA,NA,NA,NA,NA,NA,NA,NA,NA,NA,NA,NA,"1446790239941.jpg",NA,"1446790261710.jpg",NA,"uuid:e977e0e2-f206-4032-9849-d68fb3ad1141","e977e0e2-f206-4032-9849-d68fb3ad1141","2015-11-07T11:35:57",NA,NA,201509251214,NA,"None"
"2341","Bda30",31,31020,"0002","B","EMIS310200002-B","Building EMIS310200002-B","True","1446790423455.jpg",NA,NA,NA,NA,NA,"minor_damage",NA,NA,"False","False","False","False","False","False","False","True",NA,NA,1,NA,NA,1,NA,NA,NA,"False","False","False","False","False","True","False",NA,NA,NA,NA,NA,NA,NA,NA,NA,NA,NA,"green",NA,"1446790559415.jpg","2059","2059",NA,"False","False","False","False","True","False","False","False","False","False","False","False",NA,"community",NA,NA,NA,NA,NA,NA,NA,"No modification","no",NA,NA,NA,NA,"no",NA,NA,NA,NA,"False","False","False","False","False","False","True","False","False","False","False","False","False",NA,NA,NA,"no",NA,NA,"yes",NA,"False","False","False","False","True",NA,"rectangular_long",NA,NA,"no",NA,NA,NA,NA,NA,"same_level","no",NA,NA,NA,NA,NA,NA,NA,NA,NA,NA,NA,NA,NA,NA,NA,NA,NA,"1446790744859.jpg",NA,"1446790781845.jpg",NA,"uuid:721bbcb5-af05-497d-a4b8-25373adca615","721bbcb5-af05-497d-a4b8-25373adca615","2015-11-07T11:40:08",NA,NA,201509251214,NA,"None"
"2342","Bda30",31,31020,"0003","A","EMIS310200003-A","Building EMIS310200003-A","True","1446793703347.jpg",NA,NA,NA,NA,NA,"minor_damage",NA,"1446793816934.jpg","False","True","False","False","False","False","False","False",NA,2,NA,NA,NA,NA,NA,NA,NA,"False","False","False","False","False","True","False",NA,NA,NA,NA,NA,NA,NA,NA,NA,NA,NA,"green",NA,"1446793997970.jpg","2064","2065",NA,"False","False","False","True","False","False","False","False","False","False","False","False",NA,"community",NA,NA,NA,NA,NA,NA,NA,"no modification","no",NA,NA,NA,NA,"no",NA,NA,NA,NA,"False","False","False","False","False","False","True","False","False","False","False","False","False",NA,NA,NA,"no",NA,NA,"yes",NA,"False","False","False","False","True",NA,"rectangular_long",NA,"1446794149243.jpg","no",NA,NA,NA,NA,NA,"same_level","no",NA,NA,NA,NA,NA,NA,NA,NA,NA,NA,NA,NA,NA,NA,NA,NA,NA,"1446794284285.jpg",NA,"1446794311037.jpg",NA,"uuid:8705065c-fdae-420e-8fa9-28dfd4bbfde4","8705065c-fdae-420e-8fa9-28dfd4bbfde4","2015-11-07T11:41:59",NA,NA,201509251214,NA,"None"
"2343","Bda30",31,31020,"0003","B","EMIS310200003-B","Building EMIS310200003-B","True","1446794477185.jpg",NA,NA,NA,NA,NA,"damage_to_infill_walls",NA,NA,"False","True","False","False","False","False","False","False",NA,4,NA,NA,NA,NA,NA,NA,NA,"False","False","False","False","False","True","False",NA,NA,NA,NA,NA,NA,NA,NA,NA,NA,NA,"red",NA,"1446794652460.jpg","2066",NA,NA,"False","False","False","False","False","False","False","True","False","False","False","False",NA,"community",NA,NA,NA,NA,NA,NA,NA,"No modification","no","No retrofitted",NA,NA,NA,"yes",NA,"1446794933446.jpg",NA,NA,"False","False","False","False","False","False","True","False","False","False","False","False","False",NA,NA,NA,"yes",NA,NA,"no",NA,"True","False","False","False","False",NA,"rectangular_long",NA,NA,"no",NA,NA,NA,NA,NA,"same_level","no",NA,NA,NA,NA,NA,NA,NA,NA,NA,NA,NA,NA,NA,NA,NA,NA,NA,"1446795186167.jpg",NA,"1446795218169.jpg",NA,"uuid:1969ddfc-a9e6-4c43-a912-110eb8cba30a","1969ddfc-a9e6-4c43-a912-110eb8cba30a","2015-11-07T11:48:41",NA,NA,201509251214,NA,"None"
"2344","Bda30",31,31020,"0003","C","EMIS310200003-C","Building EMIS310200003-C","True","1446795566488.jpg",NA,NA,NA,NA,NA,"minor_damage",NA,NA,"False","True","False","False","False","False","False","False",NA,1,NA,NA,NA,1,NA,NA,NA,"False","False","False","False","False","True","False",NA,NA,NA,NA,NA,NA,NA,NA,NA,NA,NA,"green",NA,NA,"2066",NA,NA,"False","False","False","False","False","False","False","True","False","False","False","False",NA,"community",NA,"False","False","False","True","False",NA,NA,"no",NA,NA,NA,NA,"no",NA,NA,NA,NA,"False","False","False","False","False","False","True","False","False","False","False","False","False",NA,NA,NA,"no",NA,NA,"yes",NA,"False","False","False","False","True",NA,"rectangular_long",NA,NA,"no",NA,NA,NA,NA,NA,"same_level","no",NA,NA,NA,NA,NA,NA,NA,NA,NA,NA,NA,NA,NA,NA,NA,NA,NA,"1446795908190.jpg",NA,"1446795965579.jpg",NA,"uuid:521b857e-4014-48de-83d0-5ca9c11da9bb","521b857e-4014-48de-83d0-5ca9c11da9bb","2015-11-07T11:51:18",NA,NA,201509251214,NA,"None"
"2350","Bda30",31,31020,"0013","A","EMIS310200013-A","Building EMIS310200013-A","True","1446804092038.jpg",NA,NA,NA,NA,NA,"minor_damage",NA,NA,"False","True","False","False","False","False","False","False",NA,5,NA,NA,NA,1,NA,NA,NA,"False","False","False","False","False","True","False",NA,NA,NA,NA,NA,NA,NA,NA,NA,NA,NA,"green",NA,NA,"2059","2059",NA,"False","False","False","False","True","False","False","False","False","False","False","False",NA,"community",NA,"False","False","False","True","False",NA,NA,"no",NA,NA,NA,NA,"no",NA,NA,NA,NA,"False","False","False","False","False","False","True","False","False","False","False","False","False",NA,NA,"1446804266050.jpg","no",NA,NA,"yes",NA,"True","False","False","False","False",NA,"rectangular_long",NA,NA,"no",NA,NA,NA,NA,NA,"same_level","no",NA,NA,NA,NA,NA,NA,NA,NA,NA,NA,NA,NA,NA,NA,NA,NA,NA,"1446804363654.jpg",NA,"1446804398544.jpg",NA,"uuid:85a45521-344b-4e55-b7d0-d6ef217761b2","85a45521-344b-4e55-b7d0-d6ef217761b2","2015-11-07T14:13:18",NA,NA,201509251214,NA,"None"
"2351","Bda30",31,31020,"0015","A","EMIS310200015-A","Building EMIS310200015-A","True","1446804825636.jpg",NA,NA,NA,NA,NA,"partial_collapse",NA,"1446804906425.jpg","False","True","False","False","False","False","False","False",NA,5,NA,NA,NA,1,NA,NA,NA,"False","False","False","False","False","True","False",NA,NA,NA,NA,NA,NA,NA,NA,NA,NA,NA,"red",NA,"1446804957662.jpg","2065","2066",NA,"False","False","False","False","True","False","False","False","True","False","False","False",NA,"community",NA,"False","False","False","False","True",NA,NA,"no",NA,NA,NA,NA,"no",NA,NA,NA,NA,"False","False","False","False","False","False","True","False","False","False","False","False","False",NA,NA,NA,"no",NA,NA,"no","Bulging is in tilt condition","False","False","False","False","True",NA,"rectangular_long",NA,NA,"no",NA,NA,NA,NA,NA,"different_level","no",NA,NA,NA,NA,NA,NA,NA,NA,NA,NA,NA,NA,NA,NA,NA,NA,NA,"1446805177460.jpg",NA,"1446805203781.jpg",NA,"uuid:efd8d98f-60c6-42c3-aa15-2009a17be85f","efd8d98f-60c6-42c3-aa15-2009a17be85f","2015-11-07T14:17:56",NA,NA,201509251214,NA,"None"
"2352","Bda30",31,31020,"0021","A","EMIS310200021-A","Building EMIS310200021-A","True","1446805845663.jpg",NA,NA,NA,NA,NA,"minor_damage",NA,"1446805877049.jpg","False","True","False","False","False","False","False","False",NA,3,NA,NA,NA,1,NA,NA,NA,"False","False","False","False","False","True","False",NA,NA,NA,NA,NA,NA,NA,NA,NA,NA,NA,"green",NA,NA,"2064","2065",NA,"False","False","False","False","False","False","False","True","False","False","False","False",NA,"other","japnies ","False","False","False","False","True",NA,NA,"no",NA,NA,NA,NA,"no",NA,NA,NA,NA,"False","False","False","False","False","False","True","False","False","False","False","False","False",NA,NA,NA,"no",NA,NA,"no",NA,"False","False","False","False","True",NA,"rectangular_long",NA,NA,"no",NA,NA,NA,NA,NA,"same_level","no",NA,NA,NA,NA,NA,NA,NA,NA,NA,NA,NA,NA,NA,NA,NA,NA,NA,"1446806096846.jpg",NA,"1446806160448.jpg",NA,"uuid:062cb20f-ecae-4134-ba79-bdf9e9ee405d","062cb20f-ecae-4134-ba79-bdf9e9ee405d","2015-11-07T14:24:30",NA,NA,201509251214,NA,"None"
"2353","Bda30",31,31020,"0021","B","EMIS310200021-B","Building EMIS310200021-B","True","1446806248509.jpg",NA,NA,NA,NA,NA,"minor_damage",NA,NA,"False","True","False","False","False","False","False","False",NA,2,NA,NA,NA,NA,NA,NA,NA,"False","False","False","False","False","True","False",NA,NA,NA,NA,NA,NA,NA,NA,NA,NA,NA,"green",NA,NA,"2066",NA,NA,"False","False","False","False","False","False","False","True","False","False","False","False",NA,"other","japnies","False","False","False","False","True",NA,NA,"no",NA,NA,NA,NA,"no",NA,NA,NA,NA,"False","False","False","False","False","False","True","False","False","False","False","False","False",NA,NA,NA,"no",NA,NA,"yes",NA,"False","False","False","False","True",NA,"rectangular_long",NA,NA,"no",NA,NA,NA,NA,NA,"same_level","no",NA,NA,NA,NA,NA,NA,NA,NA,NA,NA,NA,NA,NA,NA,NA,NA,NA,"1446806483186.jpg",NA,"1446806513588.jpg",NA,"uuid:0305b26d-343d-4e33-893f-24301659c165","0305b26d-343d-4e33-893f-24301659c165","2015-11-07T14:28:46",NA,NA,201509251214,NA,"None"
"2376","Bda30",31,31020,"0006","A","EMIS310200006-A","Building EMIS310200006-A","True","1443741154829.jpg",NA,NA,NA,NA,NA,"damage_to_infill_walls",NA,"1443741330623.jpg","False","False","False","False","False","True","False","False",NA,NA,NA,NA,NA,NA,NA,NA,NA,NA,NA,NA,NA,NA,NA,NA,NA,NA,NA,NA,NA,NA,NA,NA,NA,NA,NA,NA,NA,NA,NA,NA,NA,NA,NA,NA,NA,NA,NA,NA,NA,NA,NA,NA,NA,NA,NA,NA,NA,NA,NA,NA,NA,NA,NA,NA,NA,NA,NA,NA,NA,NA,NA,NA,NA,"False","False","False","False","False","True","False","False","False","False","False","False","False",NA,NA,NA,NA,NA,NA,NA,NA,NA,NA,NA,NA,NA,NA,NA,NA,NA,NA,NA,NA,NA,NA,NA,NA,NA,NA,NA,NA,NA,NA,NA,NA,NA,NA,NA,NA,NA,NA,NA,NA,NA,NA,NA,NA,NA,NA,"uuid:4cc2f7dd-65d2-4bf0-b851-b44343b0c44f","4cc2f7dd-65d2-4bf0-b851-b44343b0c44f","2015-11-08T11:01:28",NA,NA,201509251214,NA,"None"
"2377","Bda30",31,31020,"0022","D","EMIS310200022-D","Building EMIS310200022-D","True",NA,"27.45229059 85.03500734 445.0 5.0",27.45229059,85.03500734,445,5,NA,NA,NA,NA,NA,NA,NA,NA,NA,NA,NA,NA,NA,NA,NA,NA,NA,NA,NA,NA,NA,NA,NA,NA,NA,NA,NA,NA,NA,NA,NA,NA,NA,NA,NA,NA,NA,NA,NA,NA,NA,"0",NA,NA,NA,NA,NA,NA,NA,NA,NA,NA,NA,NA,NA,NA,NA,NA,NA,NA,NA,NA,NA,NA,NA,NA,NA,NA,NA,NA,NA,NA,NA,NA,NA,NA,NA,NA,NA,NA,NA,NA,NA,NA,NA,NA,NA,NA,NA,NA,NA,NA,NA,NA,NA,NA,NA,NA,NA,NA,NA,NA,NA,NA,NA,NA,NA,NA,NA,NA,NA,NA,NA,NA,NA,NA,NA,NA,NA,NA,NA,NA,NA,NA,NA,NA,NA,NA,NA,NA,NA,NA,NA,NA,NA,"uuid:852de7e5-82d1-485f-9838-1ef6ba2c86aa","852de7e5-82d1-485f-9838-1ef6ba2c86aa","2015-11-08T11:01:32",NA,NA,201509251214,NA,"None"
"2379","Bda30",31,31020,"0006","A","EMIS310200006-A","Building EMIS310200006-A","True","1446948895793.jpg",NA,NA,NA,NA,NA,"damage_to_infill_walls",NA,"1446948928845.jpg","True","True","True","True","False","False","False","False",512,13,NA,NA,1,2,NA,NA,NA,"False","False","False","False","False","True","False",NA,NA,NA,NA,NA,NA,NA,NA,NA,NA,NA,"mixed","First floor 2 rooms have red tag and remaining have green.",NA,"2055","2058",NA,"False","False","False","False","True","False","False","True","True","True","False","True","Unilever Pct. Ltd.","community",NA,NA,NA,NA,NA,NA,NA,"No modification","no",NA,NA,NA,NA,"no",NA,NA,NA,NA,"False","False","False","False","False","False","True","False","False","False","False","False","False",NA,NA,NA,"no",NA,NA,"yes",NA,"False","False","False","False","True",NA,"rectangular_long",NA,"1446949304502.jpg","yes","regular","no","no","all_column","betn_0_49","same_level","no",NA,NA,NA,NA,NA,NA,NA,NA,NA,NA,NA,NA,NA,NA,NA,NA,NA,"1446949466061.jpg",NA,"1446949501130.jpg",NA,"uuid:b134e47a-f945-4a88-bf33-eba9d69bd51d","b134e47a-f945-4a88-bf33-eba9d69bd51d","2015-11-08T11:07:00",NA,NA,201509251214,NA,"None"
"2380","Bda30",31,31020,"0006","B","EMIS310200006-B","Building EMIS310200006-B","True","1446949576353.jpg",NA,NA,NA,NA,NA,"minor_damage",NA,NA,"False","False","False","False","True","False","False","False",78,4,NA,NA,NA,NA,NA,1,1,"False","False","False","False","False","True","False",NA,NA,NA,NA,NA,NA,NA,NA,NA,NA,NA,"green",NA,NA,"2065","2067",NA,"False","False","False","False","False","False","False","False","False","False","False","True","Unopened Pct Ltd","contractor",NA,NA,NA,NA,NA,NA,NA,"No modification","no",NA,NA,NA,NA,"no",NA,NA,NA,NA,NA,NA,NA,NA,NA,NA,NA,NA,NA,NA,NA,NA,NA,NA,"Haircracks in plaster",NA,"no",NA,NA,"yes",NA,"False","False","False","False","True",NA,"rectangular_compact",NA,"1446950342921.jpg","yes","regular","no","no","all_column","betn_0_49","same_level","no",NA,NA,NA,NA,NA,NA,NA,NA,NA,NA,NA,NA,NA,NA,NA,NA,NA,"1446950443628.jpg",NA,"1446950498231.jpg",NA,"uuid:57cf4bc2-b392-435b-b85e-ceff88bc3702","57cf4bc2-b392-435b-b85e-ceff88bc3702","2015-11-08T11:10:18",NA,NA,201509251214,NA,"None"
"2382","Bda30",31,31020,"0007","A","EMIS310200007-A","Building EMIS310200007-A","True","1446955038014.jpg",NA,NA,NA,NA,NA,"damage_to_infill_walls",NA,"1446955104018.jpg","True","True","True","False","False","False","False","False",525,14,NA,NA,NA,2,NA,NA,NA,"False","False","False","False","False","True","False",NA,NA,NA,NA,NA,NA,NA,NA,NA,NA,NA,"green",NA,"1446955323534.jpg","2055","2059",NA,"False","False","False","False","True","True","True","False","True","False","False","True","Community forest users committee","community",NA,NA,NA,NA,NA,NA,NA,NA,"no",NA,NA,NA,NA,"yes",NA,"1446955452925.jpg",0,NA,"False","False","False","False","False","False","False","False","False","False","False","True","False",NA,NA,NA,"no",NA,NA,"yes",NA,"False","False","False","False","True",NA,"rectangular_long",NA,NA,"yes","regular","no","no","na","all_walls","same_level","no",NA,NA,NA,NA,NA,NA,NA,NA,NA,NA,NA,NA,NA,NA,NA,NA,NA,"1446955646886.jpg",NA,"1446955688074.jpg",NA,"uuid:50449899-f1f1-474b-b1c4-c6b605ca0221","50449899-f1f1-474b-b1c4-c6b605ca0221","2015-11-08T11:20:52",NA,NA,201509251214,NA,"None"
"2383","Bda30",31,31020,"0007","B","EMIS310200007-B","Building EMIS310200007-B","True","1446955784084.jpg",NA,NA,NA,NA,NA,NA,"unused building",NA,NA,NA,NA,NA,NA,NA,NA,NA,NA,NA,NA,NA,NA,NA,NA,NA,NA,NA,NA,NA,NA,NA,NA,NA,NA,NA,NA,NA,NA,NA,NA,NA,NA,NA,NA,NA,NA,NA,NA,NA,NA,NA,NA,NA,NA,NA,NA,NA,NA,NA,NA,NA,NA,NA,NA,NA,NA,NA,NA,NA,NA,NA,NA,NA,NA,NA,NA,NA,NA,NA,NA,NA,NA,NA,NA,NA,NA,NA,NA,NA,NA,NA,NA,NA,NA,NA,NA,NA,NA,NA,NA,NA,NA,NA,NA,NA,NA,NA,NA,NA,NA,NA,NA,NA,NA,NA,NA,NA,NA,NA,NA,NA,NA,NA,NA,NA,NA,NA,NA,NA,NA,NA,NA,NA,NA,NA,NA,NA,"1446955876959.jpg",NA,"1446955895703.jpg",NA,"uuid:fd0aaa2d-5b08-4173-a774-a52316f1add8","fd0aaa2d-5b08-4173-a774-a52316f1add8","2015-11-08T11:23:59",NA,NA,201509251214,NA,"None"
"2384","Bda30",31,31020,"0007","C","EMIS310200007-C","Building EMIS310200007-C","True","1446955962093.jpg",NA,NA,NA,NA,NA,"minor_damage",NA,NA,"False","False","False","True","False","False","False","False",95,6,NA,NA,NA,NA,NA,NA,NA,"False","False","False","False","False","True","False",NA,NA,NA,NA,NA,NA,NA,NA,NA,NA,NA,"none",NA,NA,"2058","2060","phasewise construction","False","False","False","False","False","False","True","False","True","False","False","True","Unilever Pvt Ltd","community",NA,NA,NA,NA,NA,NA,NA,NA,"no",NA,NA,NA,NA,"no",NA,NA,NA,NA,"False","False","False","False","False","False","False","False","False","False","False","True","False",NA,NA,NA,"no",NA,NA,"yes",NA,"False","False","False","False","True",NA,"rectangular_long",NA,NA,"yes","irregular","no","yes","all_column",NA,"same_level","no",NA,NA,NA,NA,NA,NA,NA,NA,NA,NA,NA,NA,NA,NA,NA,NA,NA,"1446956825559.jpg",NA,"1446956865048.jpg",NA,"uuid:86489685-4bbc-4233-9db1-4ba12e82b318","86489685-4bbc-4233-9db1-4ba12e82b318","2015-11-08T11:25:59",NA,NA,201509251214,NA,"None"
"2391","Bda30",31,31020,"0009","A","EMIS310200009-A","Building EMIS310200009-A","True","1446966646756.jpg",NA,NA,NA,NA,NA,"damage_to_infill_walls",NA,NA,"False","False","True","True","False","False","False","False",400,9,1,NA,1,1,NA,NA,NA,"False","False","False","False","False","True","False",NA,NA,NA,NA,NA,NA,NA,NA,NA,NA,NA,"mixed","in top and bottom left side 4 rooms have red tags and remaining have green","1446967115187.jpg","2063","2065",NA,"False","False","False","False","False","False","False","False","True","False","False","True","Community forest","community",NA,NA,NA,NA,NA,NA,NA,"No modification","no",NA,NA,NA,NA,"no",NA,NA,NA,NA,"False","False","False","False","False","True","True","False","False","False","False","False","False",NA,NA,NA,"no",NA,NA,"yes",NA,"False","False","False","False","True",NA,"rectangular_long",NA,NA,"yes","regular","no","yes","all_column",NA,"same_level","no",NA,NA,NA,NA,NA,NA,NA,NA,NA,NA,NA,NA,NA,NA,NA,NA,NA,"1446967327982.jpg",NA,"1446967366168.jpg",NA,"uuid:81bd3120-3f86-45c4-bce1-60615e588516","81bd3120-3f86-45c4-bce1-60615e588516","2015-11-08T11:51:20",NA,NA,201509251214,NA,"None"
"2392","Bda30",31,31020,"0009","B","EMIS310200009-B","Building EMIS310200009-B","True","1446967640972.jpg",NA,NA,NA,NA,NA,"minor_damage",NA,NA,"False","True","False","False","False","False","False","False",150,2,NA,NA,NA,NA,NA,NA,NA,"False","False","False","False","False","True","False",NA,NA,NA,NA,NA,NA,NA,NA,NA,NA,NA,"green",NA,NA,"2064","2065",NA,"False","False","False","False","True","False","False","False","False","False","False","False",NA,"community",NA,NA,NA,NA,NA,NA,NA,NA,"no",NA,NA,NA,NA,"no",NA,NA,NA,NA,NA,NA,NA,NA,NA,NA,NA,NA,NA,NA,NA,NA,NA,NA,NA,NA,"no",NA,NA,"yes",NA,"False","False","False","False","True",NA,"rectangular_compact",NA,NA,"no",NA,NA,NA,NA,NA,"same_level","no",NA,NA,NA,NA,NA,NA,NA,NA,NA,NA,NA,NA,NA,NA,NA,NA,NA,"1446967832198.jpg",NA,"1446967859553.jpg",NA,"uuid:5a320a5a-234b-46e5-b4af-d332af8cc31e","5a320a5a-234b-46e5-b4af-d332af8cc31e","2015-11-08T11:53:24",NA,NA,201509251214,NA,"None"
"2393","Bda30",31,31020,"0009","C","EMIS310200009-C","Building EMIS310200009-C","True","1446967907589.jpg",NA,NA,NA,NA,NA,"damage_to_infill_walls",NA,"1446967936841.jpg","True","True","False","False","False","False","False","False",120,2,NA,NA,NA,NA,NA,NA,NA,"False","False","False","False","False","True","False",NA,NA,NA,NA,NA,NA,NA,NA,NA,NA,NA,"red",NA,NA,"2064","2065",NA,"False","False","False","False","True","False","False","False","False","False","False","False",NA,"community",NA,NA,NA,NA,NA,NA,NA,NA,"no",NA,NA,NA,NA,"no",NA,NA,NA,NA,"False","False","False","False","False","False","True","True","False","False","False","False","False",NA,NA,NA,"no",NA,NA,"no",NA,"False","True","False","False","False",NA,"rectangular_compact",NA,NA,"no",NA,NA,NA,NA,NA,"same_level","no",NA,NA,NA,NA,NA,NA,NA,NA,NA,NA,NA,NA,NA,NA,NA,NA,NA,"1446968145438.jpg",NA,"1446968179604.jpg",NA,"uuid:649217bf-6f1a-4cd0-85d9-04364c3f3913","649217bf-6f1a-4cd0-85d9-04364c3f3913","2015-11-08T11:54:56",NA,NA,201509251214,NA,"None"
"2394","Bda30",31,31020,"0009","D","EMIS310200009-D","Building EMIS310200009-D","True","1446968321234.jpg",NA,NA,NA,NA,NA,"damage_to_infill_walls",NA,NA,"False","True","True","False","False","False","False","False",140,2,NA,NA,NA,NA,NA,NA,NA,"False","False","False","False","False","True","False",NA,NA,NA,NA,NA,NA,NA,NA,NA,NA,NA,"red",NA,NA,"2046","2046",NA,"True","False","False","False","False","False","False","False","False","False","False","False",NA,"community",NA,NA,NA,NA,NA,NA,NA,NA,"no",NA,NA,NA,NA,"no",NA,NA,NA,NA,NA,NA,NA,NA,NA,NA,NA,NA,NA,NA,NA,NA,NA,NA,NA,NA,"no",NA,NA,"no",NA,"False","False","False","False","True",NA,"rectangular_compact",NA,NA,"no",NA,NA,NA,NA,NA,"same_level","no",NA,NA,NA,NA,NA,NA,NA,NA,NA,NA,NA,NA,NA,NA,NA,NA,NA,"1446968569381.jpg",NA,"1446968635252.jpg",NA,"uuid:a69f313d-85b8-4c33-af5b-937964251221","a69f313d-85b8-4c33-af5b-937964251221","2015-11-08T11:57:03",NA,NA,201509251214,NA,"None"
"2395","Bda30",31,31020,"0022","A","EMIS310200022-A","Building EMIS310200022-A","True","1446971547812.jpg",NA,NA,NA,NA,NA,"minor_damage",NA,NA,"True","True","False","False","False","False","False","False",29,2,NA,NA,1,1,NA,NA,NA,"False","False","False","False","False","True","False",NA,NA,NA,NA,NA,NA,NA,NA,NA,NA,NA,"none",NA,NA,"2057","2060",NA,"False","False","False","False","True","False","False","False","False","False","False","False",NA,"community",NA,"False","False","False","False","True",NA,"CGI Roof is replaced by REC roof","no",NA,NA,NA,NA,"no",NA,NA,NA,NA,NA,NA,NA,NA,NA,NA,NA,NA,NA,NA,NA,NA,NA,NA,NA,NA,"no",NA,NA,"yes",NA,"False","False","False","False","True",NA,"rectangular_long",NA,NA,"no",NA,NA,NA,NA,NA,"same_level","no",NA,NA,NA,NA,NA,NA,NA,NA,NA,NA,NA,NA,NA,NA,NA,NA,NA,"1446971972255.jpg",NA,"1446972012391.jpg",NA,"uuid:082b2e58-a23f-442a-b62b-02a0abba82cb","082b2e58-a23f-442a-b62b-02a0abba82cb","2015-11-08T12:05:35",NA,NA,201509251214,NA,"None"
"2396","Bda30",31,31020,"0022","B","EMIS310200022-B","Building EMIS310200022-B","True","1446972066078.jpg",NA,NA,NA,NA,NA,"unaffected",NA,NA,"False","True","True","False","False","False","False","False",59,2,NA,NA,NA,NA,NA,NA,NA,"False","False","False","False","False","True","False",NA,NA,NA,NA,NA,NA,NA,NA,NA,NA,NA,"green",NA,NA,"2060","2060",NA,"False","False","False","False","True","False","False","False","False","False","False","True","RADO Nepal","community",NA,NA,NA,NA,NA,NA,NA,NA,"no",NA,NA,NA,NA,"no",NA,NA,NA,NA,"False","False","False","False","False","False","True","False","False","False","False","False","False",NA,NA,NA,"no",NA,NA,"yes",NA,"False","False","False","False","True",NA,"rectangular_compact",NA,NA,"no",NA,NA,NA,NA,NA,"same_level","no",NA,NA,NA,NA,NA,NA,NA,NA,NA,NA,NA,NA,NA,NA,NA,NA,NA,"1446972314826.jpg",NA,"1446972338213.jpg",NA,"uuid:a6689c3f-4801-4e4a-9fef-c05629d774f6","a6689c3f-4801-4e4a-9fef-c05629d774f6","2015-11-08T12:07:14",NA,NA,201509251214,NA,"None"
"2397","Bda30",31,31020,"0022","D","EMIS310200022-D","Building EMIS310200022-D","True","1446972723928.jpg",NA,NA,NA,NA,NA,"damage_to_structure","whole building badly damaged",NA,"False","True","False","False","False","False","False","False",45,2,1,NA,NA,NA,NA,NA,1,"False","False","False","False","False","True","False",NA,NA,NA,NA,NA,NA,NA,NA,NA,NA,NA,"red",NA,NA,"2045","2045",NA,"False","False","False","False","False","False","False","False","True","False","False","False",NA,"community",NA,NA,NA,NA,NA,NA,NA,NA,"no",NA,NA,NA,NA,"no",NA,NA,NA,NA,"True","False","False","False","False","False","False","False","False","False","True","False","False",NA,"wooden floor damaged",NA,"no",NA,NA,"no",NA,"True","False","False","False","False",NA,"rectangular_compact",NA,NA,"yes","regular","no","no","na","all_walls","same_level","no",NA,NA,NA,NA,NA,NA,NA,NA,NA,NA,NA,NA,NA,NA,NA,NA,NA,"1446973153941.jpg",NA,"1446973469392.jpg",NA,"uuid:f5c41409-9db7-4454-9f47-7c8adb0a8d36","f5c41409-9db7-4454-9f47-7c8adb0a8d36","2015-11-08T12:12:43",NA,NA,201509251214,NA,"None"
"2398","Bda30",31,31020,"0025","A","EMIS310200025-A","Building EMIS310200025-A","True","1446975167578.jpg",NA,NA,NA,NA,NA,"unaffected",NA,NA,"True","True","False","False","False","False","False","False",52,4,1,NA,NA,1,NA,NA,NA,"False","False","False","False","False","True","False",NA,NA,NA,NA,NA,NA,NA,NA,NA,NA,NA,"green",NA,NA,"2060","2060","Phasewise construction ","False","False","False","False","True","True","True","False","True","False","False","False",NA,"community",NA,"False","True","False","False","False",NA,NA,"no",NA,NA,NA,NA,"no",NA,NA,NA,NA,NA,NA,NA,NA,NA,NA,NA,NA,NA,NA,NA,NA,NA,NA,"No",NA,"no",NA,NA,"yes",NA,"False","False","False","False","True",NA,"rectangular_long",NA,NA,"no",NA,NA,NA,NA,NA,"same_level","no",NA,NA,NA,NA,NA,NA,NA,NA,NA,NA,NA,NA,NA,NA,NA,NA,NA,"1446975499214.jpg",NA,"1446975524816.jpg",NA,"uuid:dc3e78b1-a191-475b-825e-6c1fe885f215","dc3e78b1-a191-475b-825e-6c1fe885f215","2015-11-08T12:19:19",NA,NA,201509251214,NA,"None"
"2503","Bda30",31,31020,"0022","C","EMIS310200022-C","Building EMIS310200022-C","True","1446972385734.jpg",NA,NA,NA,NA,NA,"unaffected",NA,NA,"False","False","True","False","False","False","False","False",95,2,NA,NA,NA,NA,NA,NA,NA,"False","False","False","False","False","True","False",NA,NA,NA,NA,NA,NA,NA,NA,NA,NA,NA,"none",NA,NA,"2060","2060",NA,"False","False","False","False","True","False","False","False","False","False","False","True","RADO Nepal","community",NA,NA,NA,NA,NA,NA,NA,NA,"no",NA,NA,NA,NA,"no",NA,NA,NA,NA,NA,NA,NA,NA,NA,NA,NA,NA,NA,NA,NA,NA,NA,NA,NA,NA,"no",NA,NA,"yes",NA,"False","False","False","False","True",NA,"rectangular_compact",NA,NA,"no",NA,NA,NA,NA,NA,"same_level","no",NA,NA,NA,NA,NA,NA,NA,NA,NA,NA,NA,NA,NA,NA,NA,NA,NA,"1446972564407.jpg",NA,"1446972587859.jpg",NA,"uuid:6578f5ad-57c6-4f54-9d24-7d5e02ee0839","6578f5ad-57c6-4f54-9d24-7d5e02ee0839","2015-11-10T04:05:29",NA,NA,201509251214,NA,"None"
"2504","Bda30",31,31020,"0002","A","EMIS310200002-A","Building EMIS310200002-A","True","1447038151737.jpg",NA,NA,NA,NA,NA,"damage_to_infill_walls",NA,"1447038208473.jpg","True","True","False","False","False","False","False","False",105,2,NA,NA,NA,1,NA,NA,NA,"False","False","False","False","False","True","False",NA,NA,NA,NA,NA,NA,NA,NA,NA,NA,NA,"red",NA,NA,"2065","2066",NA,"False","False","False","False","True","False","True","False","True","False","False","False",NA,"community",NA,NA,NA,NA,NA,NA,NA,"No","no",NA,NA,NA,NA,"no",NA,NA,NA,NA,NA,NA,NA,NA,NA,NA,NA,NA,NA,NA,NA,NA,NA,NA,"None",NA,"no",NA,NA,"yes",NA,"False","False","False","False","True",NA,"rectangular_compact",NA,NA,"no",NA,NA,NA,NA,NA,"same_level","no",NA,NA,NA,NA,NA,NA,NA,NA,NA,NA,NA,NA,NA,NA,NA,NA,NA,"1447038485722.jpg",NA,"1447038511207.jpg",NA,"uuid:f37b42aa-ff1a-4e8f-950d-458196cdc517","f37b42aa-ff1a-4e8f-950d-458196cdc517","2015-11-10T04:11:00",NA,NA,201509251214,NA,"None"
"2527","Bda30",31,31029,"0001","B","EMIS310290001-B","Building EMIS310290001-B","True","1447059524551.jpg",NA,NA,NA,NA,NA,"minor_damage",NA,NA,"False","False","True","True","False","False","False","False",328,5,NA,NA,NA,NA,NA,NA,NA,"False","False","False","False","False","True","False",NA,NA,NA,NA,NA,NA,NA,NA,NA,NA,NA,"green",NA,NA,"2063","2065",NA,"False","False","False","False","False","False","True","False","True","False","False","True","Parliament Member development fund","community",NA,NA,NA,NA,NA,NA,NA,"None","no",NA,NA,NA,NA,"yes",NA,NA,0,"1447059913727.jpg",NA,NA,NA,NA,NA,NA,NA,NA,NA,NA,NA,NA,NA,NA,"None",NA,"no",NA,NA,"yes",NA,"False","False","False","False","True",NA,"rectangular_long",NA,NA,"yes","regular","no","no","all_column","all_walls","same_level","no",NA,NA,NA,NA,NA,NA,NA,NA,NA,NA,NA,NA,NA,NA,NA,NA,NA,"1447060009030.jpg",NA,"1447060044534.jpg",NA,"uuid:b9547dc0-3ba2-40f2-92fd-92d1bf695fc9","b9547dc0-3ba2-40f2-92fd-92d1bf695fc9","2015-11-10T05:23:13",NA,NA,201509251214,NA,"None"
"2529","Bda30",31,31029,"0001","B","EMIS310290001-B","Building EMIS310290001-B","True","1447060137474.jpg",NA,NA,NA,NA,NA,"damage_to_infill_walls",NA,NA,"True","True","True","False","False","False","False","False",100,2,NA,NA,NA,3,NA,NA,NA,"False","False","False","False","False","True","False",NA,NA,NA,NA,NA,NA,NA,NA,NA,NA,NA,"mixed",NA,NA,"057","060",NA,"False","False","False","False","False","True","True","False","True","True","False","False",NA,"community",NA,NA,NA,NA,NA,NA,NA,"none","no",NA,NA,NA,NA,"yes",NA,NA,0,NA,NA,NA,NA,NA,NA,NA,NA,NA,NA,NA,NA,NA,NA,NA,"None",NA,"no",NA,NA,"yes",NA,"False","False","False","False","True",NA,"rectangular_long",NA,NA,"yes","regular","no","no","all_column","all_walls","same_level","no",NA,NA,NA,NA,NA,NA,NA,NA,NA,NA,NA,NA,NA,NA,NA,NA,NA,"1447060377024.jpg",NA,"1447060452027.jpg",NA,"uuid:0d957ea0-3db8-42f1-b280-799ab6286332","0d957ea0-3db8-42f1-b280-799ab6286332","2015-11-10T05:26:01",NA,NA,201509251214,NA,"None"
"2535","bda30",31,31029,"0005","B","EMIS310290005-B","Building EMIS310290005-B","True","1447063519765.jpg",NA,NA,NA,NA,NA,"minor_damage",NA,NA,"False","True","True","False","False","False","False","False",142,3,NA,NA,1,1,NA,NA,1,"False","False","False","False","False","True","False",NA,NA,NA,NA,NA,NA,NA,NA,NA,NA,NA,"green",NA,NA,"2059","2061",NA,"False","False","False","False","False","False","False","False","False","True","False","True","Minors Matsuda","community",NA,NA,NA,NA,NA,NA,NA,"None","no",NA,NA,NA,NA,"no",NA,NA,NA,NA,NA,NA,NA,NA,NA,NA,NA,NA,NA,NA,NA,NA,NA,NA,"None",NA,"no",NA,NA,"yes",NA,"False","False","False","False","True",NA,"rectangular_compact",NA,NA,"no",NA,NA,NA,NA,NA,"same_level","no",NA,NA,NA,NA,NA,NA,NA,NA,NA,NA,NA,NA,NA,NA,NA,NA,NA,"1447063807149.jpg",NA,"1447063828683.jpg",NA,"uuid:094de3dc-1d99-488f-898d-16f3d2a5c3d9","094de3dc-1d99-488f-898d-16f3d2a5c3d9","2015-11-10T05:32:11",NA,NA,201509251214,NA,"None"
"2542","Bda30",31,31029,"0005","B","EMIS310290005-B","Building EMIS310290005-B","True","1447064137690.jpg",NA,NA,NA,NA,NA,"unaffected",NA,NA,NA,NA,NA,NA,NA,NA,NA,NA,NA,NA,NA,NA,NA,NA,NA,NA,NA,NA,NA,NA,NA,NA,NA,NA,NA,NA,NA,NA,NA,NA,NA,NA,NA,NA,NA,NA,NA,NA,NA,NA,NA,NA,NA,NA,NA,NA,NA,NA,NA,NA,NA,NA,NA,NA,NA,NA,NA,NA,NA,NA,NA,NA,NA,NA,NA,NA,NA,NA,NA,NA,NA,NA,NA,NA,NA,NA,NA,NA,NA,NA,NA,NA,NA,NA,NA,NA,NA,NA,NA,NA,NA,NA,NA,NA,NA,NA,NA,NA,NA,NA,NA,NA,NA,NA,NA,NA,NA,NA,NA,NA,NA,NA,NA,NA,NA,NA,NA,NA,NA,NA,NA,NA,NA,NA,NA,NA,NA,NA,"1447064208241.jpg",NA,"1447064286867.jpg",NA,"uuid:509912df-17c9-473a-92e1-2d0748a53f95","509912df-17c9-473a-92e1-2d0748a53f95","2015-11-10T05:35:18",NA,NA,201509251214,NA,"None"
"2593","bda30",31,31029,"0015","B","EMIS310290015-B","Building EMIS310290015-B","True","1447093311880.jpg",NA,NA,NA,NA,NA,"unaffected",NA,NA,NA,NA,NA,NA,NA,NA,NA,NA,NA,NA,NA,NA,NA,NA,NA,NA,NA,NA,NA,NA,NA,NA,NA,NA,NA,NA,NA,NA,NA,NA,NA,NA,NA,NA,NA,NA,NA,NA,NA,NA,NA,"False","False","False","False","True","False","False","False","False","False","False","False",NA,"community",NA,NA,NA,NA,NA,NA,NA,"None","no",NA,NA,NA,NA,"no",NA,NA,NA,NA,NA,NA,NA,NA,NA,NA,NA,NA,NA,NA,NA,NA,NA,NA,"None",NA,"no",NA,NA,"yes",NA,"False","False","False","False","True",NA,"rectangular_compact",NA,NA,"no",NA,NA,NA,NA,NA,"same_level","no",NA,NA,NA,NA,NA,NA,NA,NA,NA,NA,NA,NA,NA,NA,NA,NA,NA,"1447093416620.jpg",NA,"1447093437686.jpg",NA,"uuid:9f099919-50a7-459e-ba56-d6155fd2058d","9f099919-50a7-459e-ba56-d6155fd2058d","2015-11-10T06:12:47",NA,NA,201509251214,NA,"None"
"2595","Bda30",31,31029,"0015","B","EMIS310290015-B","Building EMIS310290015-B","True","1447093491011.jpg",NA,NA,NA,NA,NA,"unaffected",NA,NA,NA,NA,NA,NA,NA,NA,NA,NA,NA,NA,NA,NA,NA,NA,NA,NA,NA,NA,NA,NA,NA,NA,NA,NA,NA,NA,NA,NA,NA,NA,NA,NA,NA,NA,NA,NA,NA,NA,NA,NA,NA,"False","False","False","False","True","False","False","False","False","False","False","False",NA,NA,NA,NA,NA,NA,NA,NA,NA,NA,NA,NA,NA,NA,NA,NA,NA,NA,NA,NA,NA,NA,NA,NA,NA,NA,NA,NA,NA,NA,NA,NA,NA,NA,NA,NA,NA,NA,NA,NA,NA,NA,NA,NA,NA,NA,NA,NA,NA,NA,NA,NA,NA,NA,NA,NA,NA,NA,NA,NA,NA,NA,NA,NA,NA,NA,NA,NA,NA,NA,NA,NA,NA,NA,NA,NA,NA,NA,NA,"uuid:24c6f34a-490a-4128-8557-7322a3b6f36a","24c6f34a-490a-4128-8557-7322a3b6f36a","2015-11-10T06:14:10",NA,NA,201509251214,NA,"None"
